<?xml version="1.0" encoding="utf-8"?>
<t24help xmlns:xsi="http://www.w3.org/2001/XMLSchema-instance">
    <header>
        <product>AA</product>
        <title>AA.ARR.CHARGEOFF</title>
        <table>AA.ARR.CHARGEOFF</table>
    </header>
    <overview>
        <ovdesc>
            <p>&quot;For a variety of reasons, a Bank may be required to ‘charge-off’ the principal balance of a loan.  This may be determined by the Bank, or can occur after bank examiners determine a borrower to be high risk (loan repayment has been deemed ‘doubtful’) and/or the loan is considered under collateralized.  This can be a partial charge-off, a series of partial charge-off transactions, or a total charge-off.  The loan may or may not be in non-accrual status when processing a partial charge-off.  Also, the customer is unaware, the customer’s loan record remains intact and payments are processed accordingly (further described below under Shadow Accounting).</p>
            <p>The following features are achieved through Charge-off:</p>
            <p>• A full charge off or multiple partial charge-off transactions should be allowed. </p>
            <p>• Interest on the Charge-off balance should accrue but is not passed to income (similar to NAB).</p>
            <p>• Allow reversal of Charge-off transactions</p>
            <p>• Enable the removal from Charge-off or partial removal from Charge-off (i.e. a lessening of the Charge Off amount).</p>
            <p>• Dual Accounting – i.e. having two sets of books; the Customer Record vs. the Bank Record and applying payments "independently" to the two records.&quot;</p>
            <p/>
        </ovdesc>
    </overview>
    <menu>
        <t>
            <field>DEFAULT.ATTR.OPTION</field>
            <desc>
                <p>Optional field - Allowed Values are RESETTING and NON-RESETTING.  RESETTING - During any Renewal Activities (for eg : change.product, rollover or reset) the property conditions will be reset from the product.  NON-RESETTING - During any Renewal Activities property conditions will be maintained from the Arrangement level.  Leaving the field blank sets NON-RESETTING as the default option.</p>
            </desc>
        </t>
        <t>
            <field>DEFAULT.NEGOTIABLE</field>
            <desc>
                <p>Not used for arrangement level conditions</p>
            </desc>
        </t>
        <t>
            <field>DESCRIPTION</field>
            <desc>
                <p>Describes this condition record and is used for enrichment.  This field can be expanded to allow the User to enter the Description of the property condition in various languages. Each expansion of the field will correspond to a new Language as defined in the LANGUAGE table (Ref: GENERAL TABLES), and will indicate to the User the Language in which the Description must be entered.   Up to 35 type A (alphanumeric) characters</p>
            </desc>
        </t>
        <t>
            <field>FINANCIAL.STATUS</field>
            <desc>
                <p>&quot;Provides a feature to specify different credit allocation based on arrangement&apos;s Financial Status i.e. based on arrangement being suspended or not.</p>
                <p>This will accept three options</p>
                <p>Both - Only one credit allocation irrespective of arrangement being  suspended or Not. If &quot;&quot;Both&quot;&quot; selected then no other option can be specified.</p>
                <p>Performing - Specifies credit allocation to be applied on the arrangement when it is not suspended. Both is not alllowed and system would insist to define Suspend if not defined.</p>
                <p>Suspended - Specifies credit allocation to be applied on the arrangement when it is suspended. Both is not allowed and system would insist to define Performing if not defined.&quot;</p>
                <p/>
            </desc>
        </t>
        <t>
            <field>ID.COMP.1</field>
            <desc>
                <p>Contains the arrangement number, extracted from the first component of the id Not applicable at product level System updated field no input allowed</p>
            </desc>
        </t>
        <t>
            <field>ID.COMP.2</field>
            <desc>
                <p>The action that was triggered on the arrangement property The action is taken from ACTIVITY.CLASS record of the underlying AA.ARRANGEMENT.ACTIVITY request that caused the record to be modified.</p>
            </desc>
        </t>
        <t>
            <field>ID.COMP.3</field>
            <desc>
                <p>Contains the Effective Date of this property condition System updated field no input allowed</p>
            </desc>
        </t>
        <t>
            <field>ID.COMP.4</field>
            <desc>
                <p>Reserved for future use System field no input allowed</p>
            </desc>
        </t>
        <t>
            <field>ID.COMP.5</field>
            <desc>
                <p>Reserved for future use System field no input allowed</p>
            </desc>
        </t>
        <t>
            <field>ID.COMP.6</field>
            <desc>
                <p>Reserved for future use System field no input allowed</p>
            </desc>
        </t>
        <t>
            <field>ACTION</field>
            <desc>
                <p>The activity that caused this arrangement property to be updated. The activity is taken from the underlying AA.ARRANGEMENT.ACTIVITY request that caused the record to be modified</p>
            </desc>
        </t>
        <t>
            <field>NEGOTIATED.FLDS</field>
            <desc>
                <p>No input and multi value field that lists the attributes on the arrangement property record that have been fixed and/or negotiated. These are stored when the arrangement level record is committed. When the arrangement level record is next used all items in the NEGOTIATED.FIELDS list will be maintained Once an attribute has been fixed or negotiated it will remain in negotiated field list on all subsequent dated versions of the property.</p>
            </desc>
        </t>
        <t>
            <field>NR.ATTRIBUTE</field>
            <desc>
                <p>System field - not used for arrangement conditions  Validation Rules: System Field NoINPUT allowed -</p>
            </desc>
        </t>
        <t>
            <field>NR.MESSAGE</field>
            <desc>
                <p>System field - not used for arrangement conditions  Validation Rules: System Field NoINPUT allowed -</p>
            </desc>
        </t>
        <t>
            <field>NR.OPTIONS</field>
            <desc>
                <p>System field - not used for arrangement conditions  Validation Rules: System Field NoINPUT allowed -</p>
            </desc>
        </t>
        <t>
            <field>NR.RESERVED1</field>
            <desc>
                <p>System Field - Reserved for future use</p>
            </desc>
        </t>
        <t>
            <field>NR.RESERVED2</field>
            <desc>
                <p>System Field - Reserved for future use</p>
            </desc>
        </t>
        <t>
            <field>NR.STD.COMP</field>
            <desc>
                <p>Not used for Arrangement Conditions   Validation Rules: Input not allowed</p>
            </desc>
        </t>
        <t>
            <field>NR.TYPE</field>
            <desc>
                <p>System field - not used for arrangement conditions  Validation Rules: System Field NoINPUT allowed -</p>
            </desc>
        </t>
        <t>
            <field>NR.VALUE</field>
            <desc>
                <p>System field - not used for arrangement conditions  Validation Rules: System Field NoINPUT allowed -</p>
            </desc>
        </t>
        <t>
            <field>OVERRIDE</field>
            <desc>
                <p>Standard Override field containing override messages generated by amendments to this property</p>
            </desc>
        </t>
        <t>
            <field>ACTIVITY</field>
            <desc>
                <p>The activity that caused this arrangement property to be updated. The activity is taken from the underlying AA.ARRANGEMENT.ACTIVITY request that caused the record to be modified</p>
            </desc>
        </t>
        <t>
            <field>OWNING.COMPANY</field>
            <desc>
                <p>This field is used to capture the T24 Company(ies) that own the Product Condition record. There is no functionality attached to this field and can be used only for access control through SMS verification.</p>
                <p/>
                <p>The input in this field must be a valid record in company table and should belong to current financial group.</p>
                <p/>
                <p>This is a multi value field. Input in this field is optional.</p>
            </desc>
        </t>
        <t>
            <field>PR.APP.METHOD</field>
            <desc>
                <p>This field denotes the application method that needs to be applied to the periodic rule charges. Allowed values are Due - The periodic rule charges are made due Capitalise - The periodic rule charges are capitalised Not inputtable at arrangement level</p>
            </desc>
        </t>
        <t>
            <field>PR.APP.PERIOD</field>
            <desc>
                <p>This field denotes the application period for the given periodic rule charges. The periodic rule charges will be applied at the end of the period. If the value defined is zero, then the charges are applied immediately. Standard T24 period field. Not inputtable at arrangement level</p>
            </desc>
        </t>
        <t>
            <field>PR.ATTRIBUTE</field>
            <desc>
                <p>These are set of Attributes which define the names of the rule, which will be applied on certain attributes of property classes over a period of time  Validation Rules: Input must be a valid record from AA.PERIODIC.ATTRIBUTE</p>
            </desc>
        </t>
        <t>
            <field>PR.BRK.CHARGE</field>
            <desc>
                <p>Not used for arrangement level conditions  Validation Rules: Input not allowed.</p>
            </desc>
        </t>
        <t>
            <field>PR.BRK.MSG</field>
            <desc>
                <p>Based on the PR.BRK.RES option selected, this will hold either an OVERRIDE or EB.ERROR id. By default the ids will be picked from the associated EB.COMPARISON.TYPE record. If CAP or FLOOR values are given, then the underlying AA.PERIODIC.ATTRIBUTE.CLASS should have this type defined in it.  Validation Rules Input must be a valid OVERRIDE ID or EB.ERROR ID.</p>
            </desc>
        </t>
        <t>
            <field>PR.BRK.RES</field>
            <desc>
                <p>When a rule is broken what action needs to be taken is defined here. Currently, the various options available are  Error block further processing Override Give an override Information  Record details only CAP the rule value is to be used as a CAP if the rule is broken FLOOR the rule value is to be used as a FLOOR if the rule is broken   Should be one of the above valid options</p>
            </desc>
        </t>
        <t>
            <field>PR.RESERVED.1</field>
            <desc>
                <p>System field - reserved for future use</p>
            </desc>
        </t>
        <t>
            <field>PR.RESERVED.2</field>
            <desc>
                <p>System field - reserved for future use</p>
            </desc>
        </t>
        <t>
            <field>PR.RESERVED.3</field>
            <desc>
                <p>System field - reserved for future use</p>
            </desc>
        </t>
        <t>
            <field>APPLICATION.ORDER</field>
            <desc>
                <p>&quot;This field is used to specify in which order credit allocation should be applied on the bills. This is similar to the field APPLICATION.ORDER in PAYMENT.RULES. Options are</p>
                <p>OLDEST.FIRST - Credit allocation will start from oldest bills and move towards latest bill.</p>
                <p>NEWEST.FIRST - Credit allocation will start from latest bill and move towards oldest bill.&quot;</p>
                <p/>
            </desc>
        </t>
        <t>
            <field>PR.VALUE</field>
            <desc>
                <p>This is the actual rule value, which will be applied on certain attributes of the property classes over a period of time.  Validation Rules: Input must be a valid data type defined in the corresponding AA.PERIODIC.ATTRIBUTE.CLASS record.</p>
            </desc>
        </t>
        <t>
            <field>PRODUCT.KEY</field>
            <desc>
                <p>This field represents the key to the product level conditions of a property class This field basically has three components seperated by a hyphen Condition id Currency - if the property class is currency based. By default takes up local currency Effective date - if the property class is dated</p>
            </desc>
        </t>
        <t>
            <field>STMT.NOS</field>
            <desc>
                <p>System field - not used for property conditions</p>
            </desc>
        </t>
        <t>
            <field>SYS.RESERVE1</field>
            <desc>
                <p>System field - reserved for future use</p>
            </desc>
        </t>
        <t>
            <field>SYS.RESERVE2</field>
            <desc>
                <p>System field - reserved for future use</p>
            </desc>
        </t>
        <t>
            <field>SYS.RESERVE3</field>
            <desc>
                <p>System field - reserved for future use</p>
            </desc>
        </t>
        <t>
            <field>SYS.RESERVE4</field>
            <desc>
                <p>System field - reserved for future use</p>
            </desc>
        </t>
        <t>
            <field>SYS.RESERVE5</field>
            <desc>
                <p>System field - reserved for future use</p>
            </desc>
        </t>
        <t>
            <field>SYS.RESERVE6</field>
            <desc>
                <p>System field - reserved for future use</p>
            </desc>
        </t>
        <t>
            <field>SYS.RESERVE7</field>
            <desc>
                <p>System field - reserved for future use</p>
            </desc>
        </t>
        <t>
            <field>APPLICATION.TYPE</field>
            <desc>
                <p>&quot;This field is used to specify how credit allocation should be applied on the arrangement during repayment. This is similar to the field APPLICATION.TYPE in PAYMENT.RULES. Options are</p>
                <p>BILL.PROPERTY - Credit allocation will be on bills and property wise</p>
                <p>BILL.DATE - Credit allocation will be on bills and bill payment date wise</p>
                <p>CURRENT - Credit allocation will be on current balances.&quot;</p>
                <p/>
            </desc>
        </t>
        <t>
            <field>TARGET.PRODUCT</field>
        </t>
        <t>
            <field>WRITEOFF.ORDER</field>
            <desc>
                <p>When the ChargeOff amount is to be written-off this field provides an option to first write-off the charged-off balance or bank&apos;s balance, it provides the following options,</p>
                <p/>
                <p>BANK.FIRST - Bank balance is first written-off for the write-off amount input</p>
                <p>BANK.LAST - Charged-off is first written-off for the write-off amount input</p>
            </desc>
        </t>
        <t>
            <field>ARRANGEMENT.KEY</field>
            <desc>
                <p>The key to the arrangement property condition. The key is comprised of the following components (delimited by a &quot;-&quot;): Arrangement Id Property name&gt; Effective Date</p>
            </desc>
        </t>
        <t>
            <field>BALANCE.PROPERTY</field>
            <desc>
                <p>This field will specify the property for which credit allocation to be applied and the sequence will be the order in which properties are specified. Only Account and Interest properties are allowed.</p>
                <p/>
            </desc>
        </t>
        <t>
            <field>BALANCE.TYPE</field>
            <desc>
                <p>&quot;This field will specify the order of credit allocation on the balance types and the sequence will be the order in which balance types are repaid. Three options available are</p>
                <p>BILLED - All of the due/overdue balances are to be setttled</p>
                <p>CURRENT - Current bank balances are to be setted</p>
                <p>CHARGEOFF - Charged off balances are to be settled&quot;</p>
                <p/>
            </desc>
        </t>
        <t>
            <field>CHANGED.FIELDS</field>
            <desc>
                <p>No input and multi value field lists all fields that have been negotiated for each dated version of the property. For a subsequently dated property, the attributes listed in this field will appear in &quot;Negotiated.Fields&quot; and only newly negotiated fields will appear on &quot;Changed.Fields&quot;</p>
            </desc>
        </t>
        <t>
            <field>CHARGE.OFF.ORDER</field>
            <desc>
                <p>&quot;When arrangement is charged-off this attribute will specify in which order should the arrangement be charged off. This will accept two values.</p>
                <p>OLDEST.FIRST - Due/Overdue balances will be charged off first and then Current balances</p>
                <p>NEWEST.FIRST - Current balances will be charged off first and then Due/Overdue balances &quot;</p>
                <p/>
            </desc>
        </t>
    <t><field>NR.ATTRIBUTE.RULE</field><desc><p>Help Text for this field is unavailable.  Please refer to the T24 User Guides for further information.</p></desc></t><t><field>NR.VALUE.SOURCE</field><desc><p>Help Text for this field is unavailable.  Please refer to the T24 User Guides for further information.</p></desc></t></menu>
</t24help>
