<?xml version="1.0" encoding="utf-8"?>
<t24help xmlns:xsi="http://www.w3.org/2001/XMLSchema-instance">
    <header>
        <product>AA</product>
        <table>AA.ARR.SETTLEMENT</table>
    </header>
    <overview>
        <ovdesc>
            <p>Property Class to Link external channel and AA</p>
        </ovdesc>
    </overview>
    <menu>
        <t>
            <field>ID.COMP.1</field>
            <desc>
                <p>Contains the arrangement number, extracted from the first component of the id</p>
                <p>System updated field no input allowed</p>
                <p/>
            </desc>
        </t>
        <t>
            <field>ID.COMP.2</field>
            <desc>
                <p>Contains the name of the property that this arrangement level condition relates to</p>
                <p>Name is defined in AA.PRORERTY table</p>
                <p>System maintained field no input allowed</p>
                <p/>
            </desc>
        </t>
        <t>
            <field>ID.COMP.3</field>
            <desc>
                <p>Contains the Effective Date of this property condition</p>
                <p>System updated field no input allowed</p>
                <p/>
            </desc>
        </t>
        <t>
            <field>ID.COMP.4</field>
            <desc>
                <p>Reserved for future use</p>
                <p>System field no input allowed</p>
                <p/>
            </desc>
        </t>
        <t>
            <field>ID.COMP.5</field>
            <desc>
                <p>Reserved for future use</p>
                <p>System field no input allowed</p>
                <p/>
            </desc>
        </t>
        <t>
            <field>ID.COMP.6</field>
            <desc>
                <p>Reserved for future use</p>
                <p>System field no input allowed</p>
                <p/>
            </desc>
        </t>
        <t>
            <field>NEGOTIATED.FLDS</field>
            <desc>
                <p>No input and multi value field that lists the attributes on the arrangement property record that have been fixed and/or negotiated. These are stored when the arrangement level record is committed. When the arrangement level record is next used all items in the NEGOTIATED.FIELDS list will be maintained</p>
                <p>Once an attribute has been fixed or negotiated it will remain in negotiated field list on all subsequent dated versions of the property.</p>
            </desc>
        </t>
        <t>
            <field>NR.ATTRIBUTE</field>
            <desc>
                <p>System field - not used for arrangement conditions</p>
                <p/>
                <p/>
                <p>System Field NoINPUT allowed -</p>
            </desc>
        </t>
        <t>
            <field>NR.MESSAGE</field>
            <desc>
                <p>System field - not used for arrangement conditions</p>
                <p/>
                <p/>
                <p>System Field NoINPUT allowed -</p>
            </desc>
        </t>
        <t>
            <field>NR.OPTIONS</field>
            <desc>
                <p>System field - not used for arrangement conditions</p>
                <p/>
                <p/>
                <p>System Field NoINPUT allowed -</p>
            </desc>
        </t>
        <t>
            <field>ACTION</field>
            <desc>
                <p>The activity that caused this arrangement property to be updated.</p>
                <p>The activity is taken from the underlying AA.ARRANGEMENT.ACTIVITY request that caused the record to be modified</p>
                <p/>
            </desc>
        </t>
        <t>
            <field>NR.RESERVED1</field>
            <desc>
                <p>System Field - Reserved for future use</p>
                <p/>
            </desc>
        </t>
        <t>
            <field>NR.RESERVED2</field>
            <desc>
                <p>System Field - Reserved for future use</p>
                <p/>
            </desc>
        </t>
        <t>
            <field>NR.STD.COMP</field>
            <desc>
                <p>Not used for Arrangement Conditions</p>
                <p/>
                <p/>
                <p/>
                <p>Input not allowed</p>
            </desc>
        </t>
        <t>
            <field>NR.TYPE</field>
            <desc>
                <p>System field - not used for arrangement conditions</p>
                <p/>
                <p/>
                <p>System Field NoINPUT allowed -</p>
            </desc>
        </t>
        <t>
            <field>NR.VALUE</field>
            <desc>
                <p>System field - not used for arrangement conditions</p>
                <p/>
                <p/>
                <p>System Field NoINPUT allowed -</p>
            </desc>
        </t>
        <t>
            <field>OVERRIDE</field>
            <desc>
                <p>Standard Override field containing override messages generated by amendments to this property</p>
                <p/>
            </desc>
        </t>
        <t>
            <field>OWNING.COMPANY</field>
            <desc>
                <p>This field is used to capture the T24 Company(ies) that own the Product Condition record. There is no functionality attached to this field and can be used only for access control through SMS verification.</p>
                <p/>
                <p>The input in this field must be a valid record in company table and should belong to current financial group.</p>
                <p/>
                <p>This is a multi value field. Input in this field is optional.</p>
            </desc>
        </t>
        <t>
            <field>PAYIN.AC.DB.RULE</field>
            <desc>
                <p>The field decides the manner in which system should utilise the funds available in PAYIN.ACCOUNT during settlement process. 1) FULL: System debits the PAYIN account to the extent of the bill amount irrespective of whether or not the funds are avaliable in the specified account. For this purpose, system creates an overdraft in the PAYIN.ACCOUNT in case funds are only partially available provided the PAYIN.ACCOUNT has a limit attached to it. 2) PARTIAL: System debits the PAYIN.ACCOUNT only to the extent of funds availabe. 3) NONE: System would not debit the PAYIN.ACCOUNT if funds are not fully available to settle the bill.</p>
            </desc>
        </t>
        <t>
            <field>PAYIN.ACCOUNT</field>
            <desc>
                <p>Contains the Account number from where funds are to be debited and Credited against this payment type. Multiple accounts could be defined here and the rules of funding is governed by the PAYIN.AC.DB.RULE field.  Validation Rules: Should be a valid T24 ACCOUNT Number.</p>
            </desc>
        </t>
        <t>
            <field>PAYIN.ACTIVITY</field>
            <desc>
                <p>When PAYIN.ACCOUNT used is an Arrangement Account, then an activity has to be specified to debit that arrangement as well. That activity need to stated here. Ofcourse, if the Account is not an Arrangement account, then this field is not required to be stated since the Debit happens directly. Please be noted that this activity happens on the Arrangement from which funds are debited and is not relevant to this Arrangement. It is only a definition on this arrangement.  Validation rules:  Should be a Valid entry in AA.ACTIVITY Should belong to the same Product line as stated in the PAYIN.ACCOUNT Required only if the PAYIN.ACCOUNT is an AA Account.</p>
            </desc>
        </t>
        <t>
            <field>ACTIVITY</field>
            <desc>
                <p>The activity that caused this arrangement property to be updated.</p>
                <p>The activity is taken from the underlying AA.ARRANGEMENT.ACTIVITY request that caused the record to be modified</p>
                <p/>
            </desc>
        </t>
        <t>
            <field>PAYIN.AMOUNT</field>
            <desc>
                <p>Will allow the ability to define only a fixed value. </p>
                <p>The system will cascade "from top-to bottom" down the multiple fields taking the amounts defined in order (a blank field will be considered for processing last). </p>
                <p/>
                <p>When a bill is generated to be collected the individual amounts or total amounts defined may exceed the billed amount. </p>
                <p>In this case the amount defined is classed as an "up-to" amount. This is the maximum that can be taken and will honour the ACCOUNT.DEBIT.RULE field. </p>
                <p>To satisfy the bill a lesser amount can also be taken. </p>
                <p/>
                <p>When a bill is generated to be collected the individual amounts or total amounts defined may not satisfy the billed amount. </p>
                <p>The amount defined will be the amount to be taken. </p>
                <p>In this case any remainder of the bill will be made due. </p>
            </desc>
        </t>
        <t>
            <field>PAYIN.BENEFICIARY</field>
            <desc>
                <p>This field is a link to the core BENEFICIARY table and is used to define where the debit will be made from.</p>
                <p>When configured a PAYMENT.ORDER will be generated and this can be used as a vehicle to link to an alternative DDA account system.</p>
                <p>The BENEFICIARY record is mapped through to the PAYMENT.ORDER application.</p>
                <p/>
                <p>Current functionality also allows for a T24 account to be defined in the Beneficiary record which will be debited.</p>
                <p/>
                <p>o Optional field</p>
                <p>o Mutually exclusive with PAYIN.ACCOUNT and RC setup.</p>
                <p>o Is used in conjunction with PAYIN.PO.PRODUCT.</p>
                <p>o Drills down to the BENEFICIARY table.</p>
            </desc>
        </t>
        <t>
            <field>PAYIN.CURRENCY</field>
            <desc>
                <p>Reserved for future use. System field no input allowed</p>
            </desc>
        </t>
        <t>
            <field>PAYIN.PERCENTAGE</field>
            <desc>
                <p>Will allow the ability to define only a percentage value. </p>
                <p>The system will cascade "from top-to bottom" down the multiple fields taking the percentages in order (a blank field will be considered for processing last). </p>
                <p>The percentage defined is the % portion of the Billed amount, which will be settled from the respective account. </p>
                <p>The total percentages may not exceed 100%, The total percentages may not total 100% </p>
                <p>In the case of any rounding issues the last account will be deemed as the account to process any required adjustments. </p>
                <p>A blank field can be defined at last, In this case the remainder of the bill will be settled from this account.</p>
            </desc>
        </t>
        <t>
            <field>PAYIN.PO.PRODUCT</field>
            <desc>
                <p>This field is linked to the PAYMENT.ORDER.PRODUCT table and its value is passed through to the PAYMENT.ORDER application.</p>
                <p>Its main purpose will be to control parameters for message processing.</p>
                <p/>
                <p>o Optional field</p>
                <p>o Is used in conjunction with PAYIN.BENEFICIARY.</p>
                <p>o Drills down to the PAYMENT.ORDER.PRODUCT table.</p>                
            </desc>
        </t>
        <t>
            <field>PAYIN.PRD.GROUP</field>
            <desc>
                <p>Reserved for future use. System field no input allowed</p>
            </desc>
        </t>
        <t>
            <field>PAYIN.PRODUCT</field>
            <desc>
                <p>Reserved for future use. System field no input allowed</p>
            </desc>
        </t>
        <t>
            <field>PAYIN.RC.CONDITION</field>
            <desc>
                <p>Defines the RC.CONDITION to be used for the payment type to allow variation of different retry conditions.</p>
                <p/>
                <p>Validation Rules</p>
                <p/>
                <p>Should  be a valid entry in RC.CONDITION</p>
                <p>Valid only if PAYIN.TXN.TYPE is defined</p>
            </desc>
        </t>
        <t>
            <field>PAYIN.RC.TYPE</field>
            <desc>
                <p>Defines the RC.TYPE reference to be used during handoff to  inform the recycler what type of transaction is being handed-off.  </p>
                <p/>
                <p>Validation Rules</p>
                <p/>
                <p>Should be a valid entry in RC.TYPE</p>
                <p>Valid only if PAYIN.TXN.TYPE is defined</p>
            </desc>
        </t>
        <t>
            <field>PAYIN.SETTLE.ACTIVITY</field>
            <desc>
                <p>Activity to be used to settle the Dues of the current Arrangement. Typically this would be a APPLYPAYMENT activity. User activity may also be stated in this field.  Validation Rules: Should be a valid record in AA.ACTIVITY.</p>
            </desc>
        </t>
        <t>
            <field>ARRANGEMENT.KEY</field>
            <desc>
                <p>The key to the arrangement property condition. The key is comprised of the following components (delimited by a &quot;-&quot;):</p>
                <p>Arrangement Id</p>
                <p>Property name&gt;</p>
                <p>Effective Date</p>
                <p/>
            </desc>
        </t>
        <t>
            <field>PAYIN.SETTLEMENT</field>
            <desc>
                <p>The field may be used as a switch to turn off the Settlement instruction temporarily without having the need to clear or delete the field contents. If the field is set to NO, then it means the instructions are not active.  Validation Rules: Valid input is Yes or No. Default value is Yes.</p>
            </desc>
        </t>
        <t>
            <field>PAYMENT.TYPE</field>
            <desc>
                <p> Payment types for the AA contract that require settlement by DD to be defined</p>
                <p/>
                <p> Valid payment type from AA.PAYMENT.TYPE</p>
            </desc>
        </t>
        <t>
            <field>PAYOUT.ACCOUNT</field>
            <desc>
                <p>Contains the Account to which funds are to be credited from this Arrangement.  Validation Rules: Should be a valid T24 ACCOUNT Number.</p>
            </desc>
        </t>
        <t>
            <field>PAYOUT.ACTIVITY</field>
            <desc>
                <p>When PAYOUT.ACCOUNT used is an Arrangement Account, then an activity has to be specified to Credit the Account arrangement as well. That activity needs to stated here. Ofcourse, if the Account is not an Arrangement account, then this field is not required to be stated since the Credit happens directly.  Please be noted that this activity happens on the Arrangement from which funds are debited and is not relevant to this Arrangement. It is only a definition on this arrangement.   Validation rules:  Should be a Valid entry in AA.ACTIVITY Should belong to the same Product line as stated in the PAYOUT.ACCOUNT Required only if the PAYOUT.ACCOUNT is an AA Account.</p>
            </desc>
        </t>
        <t>
            <field>PAYOUT.AMOUNT</field>
            <desc>
                <p>Will allow the ability to define only a fixed value. </p>
                <p>The system will cascade "from top-to bottom" down the multiple fields taking the amounts defined in order (a blank field will be considered for processing last). </p>
                <p/>
                <p>When a bill is generated to be collected the individual amounts or total amounts defined may exceed the billed amount. </p>
                <p>In this case the amount defined is classed as an "up-to" amount. This is the maximum that can be taken and will honour the ACCOUNT.DEBIT.RULE field. </p>
                <p>To satisfy the bill a lesser amount can also be taken. </p>
                <p/>
                <p>When a bill is generated to be collected the individual amounts or total amounts defined may not satisfy the billed amount. </p>
                <p>The amount defined will be the amount to be taken. </p>
                <p>In this case any remainder of the bill will be made due. </p>
            </desc>
        </t>
        <t>
            <field>PAYOUT.BENEFICIARY</field>
            <desc>
                <p>This field is a link to the core BENEFICIARY table and is used to define who is the ultimate beneficiary of the funds.</p>
                <p>When configured a PAYMENT.ORDER will be generated and the routing will be decided via the PAYMENT.ORDER.PARAMETER.</p>
                <p>Based on the setting in PAYMENT.ORDER.PARAMETER either a FUNDS.TRANSFER or TPH message will be produced.</p>
                <p>Along with values from the PAYMENT.ORDER.PRODUCT record the BENEFICIARY record is mapped through to the PAYMENT.ORDER application and then mapped through to FUNDS.TRANSFER or TPH.</p>
                <p/>
                <p>Current functionality also allows for a T24 account to be defined in the Beneficiary record which will be credited.</p>
                <p/>
                <p>o Optional field</p>
                <p>o Mutually exclusive with PAYOUT.ACCOUNT.</p>
                <p>o Is used in conjunction with PAYOUT.PO.PRODUCT.</p>
                <p>o Drills down to the BENEFICIARY table.</p>                
            </desc>
        </t>
        <t>
            <field>PAYOUT.CURRENCY</field>
            <desc>
                <p>Reserved for future use. System field no input allowed</p>
            </desc>
        </t>
        <t>
            <field>PAYOUT.PERCENTAGE</field>
            <desc>
                <p>Will allow the ability to define only a percentage value. </p>
                <p>The system will cascade "from top-to bottom" down the multiple fields taking the percentages in order (a blank field will be considered for processing last). </p>
                <p>The percentage defined is the % portion of the Billed amount, which will be settled from the respective account. </p>
                <p>The total percentages may not exceed 100%, The total percentages may not total 100% </p>
                <p>In the case of any rounding issues the last account will be deemed as the account to process any required adjustments. </p>
                <p>A blank field can be defined at last, In this case the remainder of the bill will be settled from this account.</p>
            </desc>
        </t>
        <t>
            <field>PAYOUT.PO.PRODUCT</field>
            <desc>
                <p>This field is linked to the PAYMENT.ORDER.PRODUCT table and its value is passed through to the PAYMENT.ORDER application.</p>
                <p>Its main purpose will be to control parameters for TPH processing and pass outgoing messages parameters.</p>
                <p/>
                <p>o Optional field</p>
                <p>o Is used in conjunction with PAYOUT.BENEFICIARY.</p>
                <p>o Drills down to the PAYMENT.ORDER.PRODUCT table.</p>                
            </desc>
        </t>
        <t>
            <field>PAYOUT.PPTY.CLASS</field>
            <desc>
                <p>Contains the PROPERTY CLASS based on which the Payout settlement instruction would be processed. This definition allows users to configure multiple payouts happening to multiple accounts. For example, user can configure Interest to be paid out to one account, whilst the Maturity deposit amount to be credited to another account.  Validation Rules: Should be a valid record in AA.PROPERTY.CLASS</p>
            </desc>
        </t>
        <t>
            <field>CHANGED.FIELDS</field>
            <desc>
                <p>No input and multi value field lists all fields that have been negotiated for each dated version of the property. For a subsequently dated property, the attributes listed in this field will appear in &quot;Negotiated.Fields&quot; and only newly negotiated fields will appear on &quot;Changed.Fields&quot;</p>
                <p/>
                <p/>
            </desc>
        </t>
        <t>
            <field>PAYOUT.PRD.GROUP</field>
            <desc>
                <p>Reserved for future use. System field no input allowed</p>
            </desc>
        </t>
        <t>
            <field>PAYOUT.PRODUCT</field>
            <desc>
                <p>Contains the PROPERTY CLASS based on which the Payout settlement instruction would be processed. This definition allows users to configure multiple payouts happening to multiple accounts. For example, user can configure Interest to be paid out to one account, whilst the Maturity deposit amount to be credited to another account.  Validation Rules: Should be a valid record in AA.PROPERTY.CLASS</p>
            </desc>
        </t>
        <t>
            <field>PAYOUT.PROPERTY</field>
            <desc>
                <p>Contains the PROPERTY based on which the Payout settlement instruction would be processed. This definition allows users to configure multiple payouts happening to multiple accounts. For example, user can configure Current Interest to be paid out to one account, whilst the Maturity deposit amount may be credited to another account.  Validation Rules: Should be a valid record in AA.PROPERTY</p>
            </desc>
        </t>
		<t>
            <field>PAYOUT.SETTLE.ACTIVITY</field>
            <desc>
                <p>Contains the PROPERTY based on which the Payout settlement instruction would be processed. This definition allows users to configure multiple payouts happening to multiple accounts. For example, user can configure Current Interest to be paid out to one account, whilst the Maturity deposit amount may be credited to another account.  Validation Rules: Should be a valid record in AA.PROPERTY</p>
            </desc>
        </t>
		<t>
            <field>PAYOUT.SETTLEMENT</field>
            <desc>
                <p>The field may be used as a switch to turn off the Settlement instruction temporarily without having the need to clear or delete the field contents. If the field is set to NO, then it means the instructions are not active.  Validation Rules: Valid input is Yes or No. Default value is Yes.</p>
            </desc>
        </t>
        <t>
            <field>PR.APP.METHOD</field>
            <desc>
                <p>This field denotes the application method that needs to be applied to the periodic rule charges.</p>
                <p>Allowed values are</p>
                <p>Due - The periodic rule charges are made due</p>
                <p>Capitalise - The periodic rule charges are capitalised</p>
                <p>Not inputtable at arrangement level</p>
                <p/>
            </desc>
        </t>
        <t>
            <field>PR.APP.PERIOD</field>
            <desc>
                <p>This field denotes the application period for the given periodic rule charges.</p>
                <p>The periodic rule charges will be applied at the end of the period. If the value defined is zero, then the charges are applied immediately.</p>
                <p>Standard T24 period field.</p>
                <p>Not inputtable at arrangement level</p>
                <p/>
            </desc>
        </t>
        <t>
            <field>PR.ATTRIBUTE</field>
            <desc>
                <p>These are set of Attributes which define the names of the rule, which will be applied on certain attributes of property classes over a period of time</p>
                <p/>
                <p/>
                <p>Input must be a valid record from AA.PERIODIC.ATTRIBUTE</p>
            </desc>
        </t>
        <t>
            <field>PR.BRK.CHARGE</field>
            <desc>
                <p>Not used for arrangement level conditions</p>
                <p/>
                <p/>
                <p>Input not allowed.</p>
            </desc>
        </t>
        <t>
            <field>PR.BRK.MSG</field>
            <desc>
                <p>Based on the PR.BRK.RES option selected, this will hold either an OVERRIDE or EB.ERROR id. By default the ids will be picked from the associated EB.COMPARISON.TYPE record. If CAP or FLOOR values are given, then the underlying AA.PERIODIC.ATTRIBUTE.CLASS should have this type defined in it</p>
                <p/>
                <p/>
                <p>Input must be a valid OVERRIDE ID or EB.ERROR ID</p>
            </desc>
        </t>
        <t>
            <field>CUST.SETT.INSTR</field>
            <desc>
                <p>Reserved for future use. System field no input allowed</p>
            </desc>
        </t>
        <t>
            <field>PR.BRK.RES</field>
            <desc>
                <p>When a rule is broken what action needs to be taken is defined here. Currently, the various options available are </p>
                <p/>
                <p>Error block further processing</p>
                <p>Override Give an override</p>
                <p>Information  Record details only</p>
                <p>CAP the rule value is to be used as a CAP if the rule is broken</p>
                <p>FLOOR the rule value is to be used as a FLOOR if the rule is broken</p>
                <p/>
                <p/>
                <p>Should be one of the above valid options</p>
            </desc>
        </t>
        <t>
            <field>PR.RESERVED.1</field>
            <desc>
                <p>System field - reserved for future use</p>
                <p/>
            </desc>
        </t>
        <t>
            <field>PR.RESERVED.2</field>
            <desc>
                <p>System field - reserved for future use</p>
                <p/>
            </desc>
        </t>
        <t>
            <field>PR.RESERVED.3</field>
            <desc>
                <p>System field - reserved for future use</p>
                <p/>
            </desc>
        </t>
        <t>
            <field>PR.VALUE</field>
            <desc>
                <p>This is the actual rule value, which will be applied on certain attributes of the property classes over a period of time.</p>
                <p/>
                <p/>
                <p>Input must be a valid data type defined in the corresponding</p>
                <p>AA.PERIODIC.ATTRIBUTE.CLASS record.</p>
            </desc>
        </t>
        <t>
            <field>STMT.NOS</field>
            <desc>
                <p>Contains the key to the accounting entries raised by the activity being applied to this arrangement property</p>
                <p/>
            </desc>
        </t>
        <t>
            <field>SYS.RESERVE1</field>
            <desc>
                <p>System field - reserved for future use</p>
                <p/>
            </desc>
        </t>
        <t>
            <field>SYS.RESERVE2</field>
            <desc>
                <p>System field - reserved for future use</p>
                <p/>
            </desc>
        </t>
        <t>
            <field>OFFSET.PAYOUT.ACTIVITY</field>
            <desc>
                <p>Specifies the Offset Pay-out rule activity which defines the list of pay balances which need to be debited to offset due balance created.</p>
                <p>Field should be linked to the file AA.ACTIVITY.</p>
                <p>Only offset payout rules activities are allowed.</p>
                <p>Mandatory When offset property class is defined</p>
                <p>Allowed only When offset property is Due type</p>
            </desc>
        </t>
        <t>
            <field>OFFSET.PAYIN.ACTIVITY</field>
            <desc>
                <p>Specifies the Offset Payment rule activity that defines the list of due balances which need to be offset using the pay balance</p>
                <p>Field should be linked to the file AA.ACTIVITY.</p>
                <p>Only offset payment rules activities are allowed.</p>
                <p>Mandatory When offset property class is defined</p>
                <p>Allowed only When offset property is Pay type</p>
            </desc>
        </t>
        <t>
            <field>DD.MANDATE.REF</field>
            <desc>
                <p>The DD mandate to be used if the settlement method is DD. The DD number must be the account of the arrangement</p>
                <p/>
                <p> Should be a valid Mandate Ref from DD.DDI</p>
                <p/>
            </desc>
        </t>
        <t>
            <field>OFFSET.REQUIRED</field>
            <desc>
                <p>This field is used to either switch ON or switch OFF settlement offset instrucion, without clearing other settlement related fields.</p>
                <p/>
                <p/>
                <p>Valid input is Yes or No.</p>
                <p>Yes – denoting offset required.</p>
                <p>No  – denoting offset not required.</p>
            </desc>
        </t>
        <t>
            <field>OFFSET.PROPERTY</field>
            <desc>
                <p>Contains the PROPERTY which needs to be offset.</p>
                <p/>
                <p/>
                <p>Field should be linked to the file AA.PROPERTY.</p>
                <p>This field is mutually exclusive with OFFSET.PPTY.CLASS.</p>
            </desc>
        </t>
        <t>
            <field>OFFSET.PPTY.CLASS</field>
            <desc>
                <p>Contains the PROPERTY CLASS which needs to be offset.</p>
                <p/>
                <p/>
                <p>Should be a valid record in AA.PROPERTY.CLASS</p>
                <p>This field is mutually exclusive with OFFSET.PROPERTY.</p>
            </desc>
        </t>
        <t>
            <field>TARGET.PRODUCT</field>
            <desc>
                <p>This field denotes the target classic product of the given property class</p>
                <p/>
                <p>The already existing T24 products are mapped using AA infrastructure</p>
                <p>These are called classic products</p>
                <p>These products are mapped to different property clases</p>
                <p/>
            </desc>
        </t>
        <t>
            <field>DEFAULT.ATTR.OPTION</field>
            <desc>
                <p>Optional field - Allowed Values are RESETTING and NON-RESETTING.</p>
                <p/>
                <p> RESETTING - During any Renewal Activities (for eg : change.product, rollover or reset) the property conditions will be reset from the product.</p>
                <p/>
                <p> NON-RESETTING - During any Renewal Activities property conditions will be maintained from the Arrangement level.</p>
                <p/>
                <p> Not used in Arrangement/Sim level.</p>
                <p/>
                <p> Leaving the field blank sets NON-RESETTING as the default option.</p>
                <p/>
            </desc>
        </t>
		<t>
            <field>FX.SETTLEMENT.CCY</field>
            <desc>
				<p>This field is applicable for Internal FX transactions </p>
                <p>Indicates the Currency for which FX contra settlement account is to be maintained</p>
            </desc>
        </t>
		<t>
            <field>FX.SETTLEMENT.ACC</field>
            <desc>
                <p>This field is applicable for Internal FX transactions </p>
				<p>Contra settlement accounts to post the offset entries such that pool balance does not change are maintained here</p>
				<p>For eg-User transfers EUR 1000 from EUR TR account to USD TR account.</p>
				<p>Assuming exchange rate is 1.25 ,following entries will be raised     </p>
				<p>Dr EUR TR	1000  </p>                                                 
				<p>Cr Contra EUR TR    1000 </p>        
				<p>Dr Contra USD TR    1250 </p>
				<p>Cr USD TR	1250 </p>
            </desc>
        </t>
        <t>
            <field>DEFAULT.CURRENCY</field>
            <desc>
                <p>Reserved for future use. System field no input allowed</p>
            </desc>
        </t>
        <t>
            <field>DEFAULT.NEGOTIABLE</field>
            <desc>
                <p>Not used for arrangement level conditions</p>
                <p/> 
            </desc>
        </t> 
        <t>
            <field>COUNTER.BOOKING.ACCOUNT</field>
            <desc>
                <p>Account to be used as counter booking account when the current arrangement is off-balance and counter bookings should therefore not go to PL account.</p>
                <p>In a normal Interest/Charge processing, system would debit/credit the Arrangement and credit/debit the PL. In the case of Off Balance sheet Memo accounts, even the accrual of Interest will not hit the PL. So, during Make-Due/Pay/Capitalise, system would debit/credit the Memo Account but would need another Account to book the other side of the transaction. This Counter Booking account would be used for that purpose. </p>
                <p>This field mandatory for off-balance accounts which have any setup to process Interest/Charges.</p> 
            </desc>
        </t> 
        <t>
            <field>DR.COUNTER.BOOKING.ACTIVITY</field>
            <desc>
                <p>Debit activity to use for counter booking.</p>
                <p>Example, in the case of Memo Accrual of Credit Interest, the Memo Account will be credited with the Interest accrued and the Counter Booking Account will be debited. In such cases, the Activity specified in this field will be used to run on the Counter Booking Account.</p>
                <p>This field mandatory for off-balance accounts when Counter Booking Account is specified.</p> 
            </desc>
        </t> 
        <t>
            <field>CR.COUNTER.BOOKING.ACTIVITY</field>
            <desc>
                <p>Credit activity to use for counter booking.</p>
                <p>Example, in the case of Memo Accrual of Debit Interest, the Memo Account will be debited with the Interest accrued and the Counter Booking Account will be credited. In such cases, the Activity specified in this field will be used to run on the Counter Booking Account.</p>
                <p>This field mandatory for off-balance accounts when Counter Booking Account is specified.</p> 
            </desc>
        </t> 
        <t>
            <field>DEFAULT.SETTLEMENT.ACCOUNT</field>
            <desc>
                <p>An account specified here will be used as the settlement account for all PAYIN or PAYOUT entries which do not have a Settlement Account, Beneficiary or DD Mandate Reference defined.</p>
                <p>Input in this field is optional. Must be a valid account.</p> 
            </desc>
        </t> 
    <t><field>NR.ATTRIBUTE.RULE</field><desc><p>Help Text for this field is unavailable.  Please refer to the T24 User Guides for further information.</p></desc></t><t><field>NR.VALUE.SOURCE</field><desc><p>Help Text for this field is unavailable.  Please refer to the T24 User Guides for further information.</p></desc></t></menu>
</t24help>
