<?xml version="1.0" encoding="utf-8"?>
<t24help xmlns:xsi="http://www.w3.org/2001/XMLSchema-instance">
    <header>
        <product>AA</product>
        <table>AA.ARR.CLOSURE</table>
    </header>
    <overview>
        <ovdesc>
            <p>The CLOSURE property class is used to Close an AA account if no more transactions happen in that account.In case of non-revolving arrangements, once all balances are settled, Arrangement account Closure can be triggered anytime manually or automatically. For revolving arrangements, the activity can be triggered on or after maturity. On reversal of a new arrangement, account closure would be triggered automatically.</p>
        </ovdesc>
    </overview>
    <menu>
        <t>
            <field>DEFAULT.ATTR.OPTION</field>
            <desc>
                <p>p&gt;Optional field - Allowed Values are RESETTING and NON-RESETTING.</p>
                <p/>
                <p> RESETTING - During any Renewal Activities (for eg : change.product, rollover or reset) the property conditions will be reset from the product.</p>
                <p/>
                <p> NON-RESETTING - During any Renewal Activities property conditions will be maintained from the Arrangement level.</p>
                <p/>
                <p> Leaving the field blank sets NON-RESETTING as the default option.</p>
                <p/>
                <p> Not used in Arrangement/Sim level.</p>
                <p/>
            </desc>
        </t>
        <t>
            <field>DEFAULT.NEGOTIABLE</field>
            <desc>
                <p>Not used for arrangement level conditions</p>
                <p/>
            </desc>
        </t>
        <t>
            <field>ID.COMP.1</field>
            <desc>
                <p>Contains the arrangement number, extracted from the first component of the id</p>
                <p>System updated field no input allowed</p>
                <p/>
            </desc>
        </t>
        <t>
            <field>ID.COMP.2</field>
            <desc>
                <p>Contains the name of the property that this arrangement level condition relates to</p>
                <p>Name is defined in AA.PRORERTY table</p>
                <p>System maintained field no input allowed</p>
                <p/>
            </desc>
        </t>
        <t>
            <field>ID.COMP.3</field>
            <desc>
                <p>Contains the Effective Date of this property condition</p>
                <p>System updated field no input allowed</p>
                <p/>
            </desc>
        </t>
        <t>
            <field>ID.COMP.4</field>
            <desc>
                <p>Reserved for future use</p>
                <p>System field no input allowed</p>
                <p/>
            </desc>
        </t>
        <t>
            <field>ID.COMP.5</field>
            <desc>
                <p>Reserved for future use</p>
                <p>System field no input allowed</p>
                <p/>
            </desc>
        </t>
        <t>
            <field>ID.COMP.6</field>
            <desc>
                <p>Reserved for future use</p>
                <p>System field no input allowed</p>
                <p/>
            </desc>
        </t>
        <t>
            <field>NEGOTIATED.FLDS</field>
            <desc>
                <p>No input and multi value field that lists the attributes on the arrangement property record that have been fixed and/or negotiated. These are stored when the arrangement level record is committed. When the arrangement level record is next used all items in the NEGOTIATED.FIELDS list will be maintained</p>
                <p>Once an attribute has been fixed or negotiated it will remain in negotiated field list on all subsequent dated versions of the property.</p>
            </desc>
        </t>
        <t>
            <field>NR.ATTRIBUTE</field>
            <desc>
                <p>System field - not used for arrangement conditions</p>
                <p/>
                <p/>
                <p>System Field NoINPUT allowed -</p>
            </desc>
        </t>
        <t>
            <field>ACTION</field>
            <desc>
                <p>The activity that caused this arrangement property to be updated.</p>
                <p>The activity is taken from the underlying AA.ARRANGEMENT.ACTIVITY request that caused the record to be modified</p>
                <p/>
            </desc>
        </t>
        <t>
            <field>NR.MESSAGE</field>
            <desc>
                <p>System field - not used for arrangement conditions</p>
                <p/>
                <p/>
                <p>System Field NoINPUT allowed -</p>
            </desc>
        </t>
        <t>
            <field>NR.OPTIONS</field>
            <desc>
                <p>System field - not used for arrangement conditions</p>
                <p/>
                <p/>
                <p>System Field NoINPUT allowed -</p>
            </desc>
        </t>
        <t>
            <field>NR.RESERVED1</field>
            <desc>
                <p>System Field - Reserved for future use</p>
                <p/>
            </desc>
        </t>
        <t>
            <field>NR.RESERVED2</field>
            <desc>
                <p>System Field - Reserved for future use</p>
                <p/>
            </desc>
        </t>
        <t>
            <field>NR.STD.COMP</field>
            <desc>
                <p>Not used for Arrangement Conditions</p>
                <p/>
                <p/>
                <p/>
                <p>Input not allowed</p>
            </desc>
        </t>
        <t>
            <field>NR.TYPE</field>
            <desc>
                <p>System field - not used for arrangement conditions</p>
                <p/>
                <p/>
                <p>System Field NoINPUT allowed -</p>
            </desc>
        </t>
        <t>
            <field>NR.VALUE</field>
            <desc>
                <p>System field - not used for arrangement conditions</p>
                <p/>
                <p/>
                <p>System Field NoINPUT allowed -</p>
            </desc>
        </t>
        <t>
            <field>OVERRIDE</field>
            <desc>
                <p>Standard Override field containing override messages generated by amendments to this property</p>
                <p/>
            </desc>
        </t>
        <t>
            <field>OWNING.COMPANY</field>
            <desc>
                <p>This field is used to capture the T24 Company(ies) that own the Product Condition record. There is no functionality attached to this field and can be used only for access control through SMS verification.</p>
                <p/>
                <p>The input in this field must be a valid record in company table and should belong to current financial group.</p>
                <p/>
                <p>This is a multi value field. Input in this field is optional.</p>
            </desc>
        </t>
        <t>
            <field>POSTING.RESTRICT</field>
            <desc>
                <p>This field Specifies the account closure posting restriction code (defined in POSTING.RESTRICT). This would be used to update the ACCOUNT.CLOSURE record that is automatically created by the system once the close activity is triggered. POSTING.RESTRICT should be between 90 to 99..</p>
            </desc>
        </t>
        <t>
            <field>ACTIVITY</field>
            <desc>
                <p>The activity that caused this arrangement property to be updated.</p>
                <p>The activity is taken from the underlying AA.ARRANGEMENT.ACTIVITY request that caused the record to be modified</p>
                <p/>
            </desc>
        </t>
        <t>
            <field>PR.APP.METHOD</field>
            <desc>
                <p>This will hold two values either DUE or CAPITALISE</p>
                <p>This Field denote which application method(DUE or CAPITALISE)should be taken while applying periodic rule charges.</p>
                <p>Not inputtable at arrangement level</p>
                <p/>
            </desc>
        </t>
        <t>
            <field>PR.APP.PERIOD</field>
            <desc>
                <p>This will have to accept a valid T24 period.</p>
                <p>This Field will denote the application period for current aplication method.</p>
                <p>Not inputtable at arrangement level</p>
                <p/>
            </desc>
        </t>
        <t>
            <field>PR.ATTRIBUTE</field>
            <desc>
                <p>These are set of Attributes which define the names of the rule, which will be applied on certain attributes of property classes over a period of time</p>
                <p/>
                <p/>
                <p>Input must be a valid record from AA.PERIODIC.ATTRIBUTE</p>
            </desc>
        </t>
        <t>
            <field>PR.BRK.CHARGE</field>
            <desc>
                <p>Not used for arrangement level conditions</p>
                <p/>
                <p/>
                <p>Input not allowed.</p>
            </desc>
        </t>
        <t>
            <field>PR.BRK.MSG</field>
            <desc>
                <p>Based on the PR.BRK.RES option selected, this will hold either an OVERRIDE or EB.ERROR id. By default the ids will be picked from the associated EB.COMPARISON.TYPE record. If CAP or FLOOR values are given, then the underlying AA.PERIODIC.ATTRIBUTE.CLASS should have this type defined in it</p>
                <p/>
                <p/>
                <p>Input must be a valid OVERRIDE ID or EB.ERROR ID</p>
            </desc>
        </t>
        <t>
            <field>PR.BRK.RES</field>
            <desc>
                <p>When a rule is broken what action needs to be taken is defined here. Currently, the various options available are </p>
                <p/>
                <p>Error block further processing</p>
                <p>Override Give an override</p>
                <p>Information  Record details only</p>
                <p>CAP the rule value is to be used as a CAP if the rule is broken</p>
                <p>FLOOR the rule value is to be used as a FLOOR if the rule is broken</p>
                <p/>
                <p/>
                <p>Should be one of the above valid options</p>
            </desc>
        </t>
        <t>
            <field>PR.RESERVED.1</field>
            <desc>
                <p>System field - reserved for future use</p>
                <p/>
            </desc>
        </t>
        <t>
            <field>PR.RESERVED.2</field>
            <desc>
                <p>System field - reserved for future use</p>
                <p/>
            </desc>
        </t>
        <t>
            <field>PR.RESERVED.3</field>
            <desc>
                <p>System field - reserved for future use</p>
                <p/>
            </desc>
        </t>
        <t>
            <field>PR.VALUE</field>
            <desc>
                <p>This is the actual rule value, which will be applied on certain attributes of the property classes over a period of time.</p>
                <p/>
                <p/>
                <p>Input must be a valid data type defined in the corresponding</p>
                <p>AA.PERIODIC.ATTRIBUTE.CLASS record.</p>
            </desc>
        </t>
        <t>
            <field>ARRANGEMENT.KEY</field>
            <desc>
                <p>The key to the arrangement property condition. The key is comprised of the following components (delimited by a &quot;-&quot;):</p>
                <p>Arrangement Id</p>
                <p>Property name&gt;</p>
                <p>Effective Date</p>
                <p/>
            </desc>
        </t>
        <t>
            <field>STMT.NOS</field>
            <desc>
                <p>System field - not used for property conditions.</p>
            </desc>
        </t>
        <t>
            <field>SYS.RESERVE1</field>
            <desc>
                <p>System field - reserved for future use</p>
                <p/>
            </desc>
        </t>
        <t>
            <field>SYS.RESERVE2</field>
            <desc>
                <p>System field - reserved for future use</p>
                <p/>
            </desc>
        </t>
        <t>
            <field>SYS.RESERVE3</field>
            <desc>
                <p>System field - reserved for future use</p>
                <p/>
            </desc>
        </t>
        <t>
            <field>SYS.RESERVE4</field>
            <desc>
                <p>System field - reserved for future use</p>
                <p/>
            </desc>
        </t>
        <t>
            <field>SYS.RESERVE5</field>
            <desc>
                <p>System field - reserved for future use</p>
                <p/>
            </desc>
        </t>
        <t>
            <field>SYS.RESERVE6</field>
            <desc>
                <p>System field - reserved for future use</p>
                <p/>
            </desc>
        </t>
        <t>
            <field>SYS.RESERVE7</field>
            <desc>
                <p>System field - reserved for future use</p>
                <p/>
            </desc>
        </t>
        <t>
            <field>TARGET.PRODUCT</field>
            <desc>
                <p>This field denotes the target classic product of the given property class</p>
                <p/>
                <p>The already existing T24 products are mapped using AA infrastructure</p>
                <p>These are called classic products</p>
                <p>These products are mapped to different property clases</p>
                <p/>
            </desc>
        </t>
        <t>
            <field>CHANGED.FIELDS</field>
            <desc>
                <p>No input and multi value field lists all fields that have been negotiated for each dated version of the property. For a subsequently dated property, the attributes listed in this field will appear in &quot;Negotiated.Fields&quot; and only newly negotiated fields will appear on &quot;Changed.Fields&quot;</p>
                <p/>
                <p/>
            </desc>
        </t>
        <t>
            <field>CLOSE.ONLINE</field>
            <desc>
                <p>Field to indicate whether the account would be closed immediately or in COB. This field accepts value only &quot;YES&quot;.</p>
            </desc>
        </t>
        <t>
            <field>CLOSURE.ACTIVITY</field>
            <desc>
                <p>No functionality behind this field.</p>
            </desc>
        </t>
        <t>
            <field>CLOSURE.METHOD</field>
            <desc>
                <p>This field defines whether the arrangement account would get closed automatically or would be closed manually.</p>
                <p>Allowed Values are MANUAL and AUTOMATIC</p>
                <p>MANUAL - closure activity can be triggered manually when all balances get settled.</p>
                <p>AUTOMATIC - close activity will be triggered on the day in which the activity has been scheduled in AA.SCHEDULED.ACTIVITY.</p>
            </desc>
        </t>
        <t>
            <field>CLOSURE.PERIOD</field>
            <desc>
                <p>This field specifies the period after which closure activity needs to be scheduled once the arrangement account is identified for closure. (Based on closure Method and Closure type settings).                     This field will not be considered if close activity is triggered manually.                                     (Eg., If CLOSURE.PERIOD is 10 Days, Closure activity would be scheduled 10 days after the balances are settled or after maturity date depending on the CLOSURE.TYPE.)               </p>
                <p>If CLOSURE.PERIOD is NULL , Close activity would be scheduled on the date in which all balances are settled.                           </p>
                <p>Validation rule:</p>
                <p>Valid PERIOD field.</p>
                <p>Maximum of 4 characters</p>
            </desc>
        </t>
        <t>
            <field>CLOSURE.TYPE</field>
            <desc>
                <p>This field defines when the Closure Activity should be triggered.</p>
                <p> Allowed values are MATURITY, BALANCE , NULL</p>
                <p>MATURITY - Closure activity would be scheduled on or after maturity date based on CLOSURE PERIOD provided all balances are settled.</p>
                <p>BALANCE - Closure activity would be scheduled once all balances in the arrangement become Zero.</p>
                <p>NULL          -  If Closure Method is &quot;Manual&quot; , then CLOSURE.TYPE should be NULL.</p>
            </desc>
        </t>
    <t><field>NR.ATTRIBUTE.RULE</field><desc><p>Help Text for this field is unavailable.  Please refer to the T24 User Guides for further information.</p></desc></t><t><field>NR.VALUE.SOURCE</field><desc><p>Help Text for this field is unavailable.  Please refer to the T24 User Guides for further information.</p></desc></t></menu>
</t24help>
