<?xml version="1.0" encoding="utf-8"?>
<t24help xmlns:xsi="http://www.w3.org/2001/XMLSchema-instance">
    <header>
        <product>AA</product>
        <table>AA.ADVICE.TYPE.CATALOG</table>
    </header>
    <overview>
        <ovdesc>
            <p>This is live file. The entry in this file will be created after publishing of AA.DEFINITION.MANAGER for ADVICE.CLASS type of definitions.  It is similar table of AA.PRODUCT.CATALOG. The key format will be CLASS.TYPE-REFERENCE-VERSION-VERSION.DATE.</p>
            <p>Id will be of the format AF-1-20091223</p>
            <p>where First Part of the ID from the appropriate condition table.</p>
            <p>Second part is a version</p>
            <p>Third part is an effective date</p>
        </ovdesc>
    </overview>
    <menu>
       <t>
            <field>DESCRIPTION</field>
            <desc>
                <p>The Description of the Advice as defined in AA.DEFINITION.MANAGER</p>
            </desc>
        </t>
        <t>
            <field>FULL.DESC</field>
            <desc>
                <p>This field provides a more detailed description of the Advice being designed.</p>
            </desc>
        </t>
        <t>
            <field>DOMAIN.TYPE</field>
            <desc>
                <p>Used for Form Definition to specify which domain type the form is used in and therefore will default the Instances (i.e. the formlets) in the domain type into the mv set.</p>
            </desc>
        </t>
        <t>
            <field>CLASS</field>
            <desc>
                <p>ID from corresponding *.CLASS table. (e.g. AA.ADVICE.CLASS)</p>
            </desc>
        </t>
        <t>
            <field>INSTANCE</field>
            <desc>
                <p>Used when designing Forms to indicated the instance of a Formlet class.(e.g. Home Address vs. Work Address)</p>
            </desc>
        </t>
                <t>
            <field>SYS.RESERVE15</field>
            <desc>
                <p>System field - reserved for future use</p>
                <p/>
            </desc>
        </t>
    <t>
            <field>SYS.RESERVE14</field>
            <desc>
                <p>System field - reserved for future use</p>
                <p/>
            </desc>
        </t>
        <t>
            <field>SYS.RESERVE13</field>
            <desc>
                <p>System field - reserved for future use</p>
                <p/>
            </desc>
        </t>
        <t>
            <field>SYS.RESERVE12</field>
            <desc>
                <p>System field - reserved for future use</p>
                <p/>
            </desc>
        </t>
                <t>
            <field>SYS.RESERVE11</field>
            <desc>
                <p>System field - reserved for future use</p>
                <p/>
            </desc>
        </t>
        <t>
            <field>CONDITION</field>
            <desc>
                <p>Part 1 of the ID from the appropriate condition table.</p>
            </desc>
        </t>      
        <t>
            <field>CONDITION.VERSION</field>
            <desc>
                <p>Can only be used to specify Advice condition versions for AA.ADVICE.CLASS.</p>
            </desc>
        </t> 
        <t>
            <field>ACTION</field>
            <desc>
                <p>Allowed options are :Null or PUBLISH </p>
                <p>If null, the record is simply being updated.</p>
                <p>PUBLISH will cause proofing and publishing to be initiated on commit.</p>
            </desc>
        </t>  
        <t>
            <field>EXPIRY.DATE</field>
            <desc>
                <p>Date from which the resultant Advice will no longer be available for use.</p>
            </desc>
        </t>
          <t>
            <field>PUBLISH.STATUS</field>
            <desc>
                <p>Status of publishing effort.</p>
            </desc>
        </t>
        <t>
            <field>PUBLISH.ERROR</field>
            <desc>
                <p>Error Message if any on publishing</p>
            </desc>
        </t>
        <t>
            <field>ERROR.SUGGESTION</field>
            <desc>
                <p>Suggestion on how to correct the associated error.  </p>
            </desc>
        </t>
        <t>
            <field>CLASS.TYPE</field>
            <desc>
                <p>Valid entry in AA.CLASS.TYPE.</p>
            </desc>
        </t>
         <t>
            <field>REFERENCE</field>
            <desc>
                <p>ID Component 2. Is the main "ID" of the item being designed.  For evidence this is the name of the Advice type</p>
            </desc>
        </t>
          <t>
            <field>VERSION</field>
            <desc>
                <p>ID Component 3: Version number identifier.</p>
            </desc>
        </t>
         <t>
            <field>VERSION.DATE</field>
            <desc>
                <p>ID Component 4: Date of the version becomes effective.</p>
            </desc>
        </t>
 <t>
            <field>SYS.RESERVE10</field>
            <desc>
                <p>System field - reserved for future use</p>
                <p/>
            </desc>
        </t>
        <t>
            <field>SYS.RESERVE9</field>
            <desc>
                <p>System field - reserved for future use</p>
                <p/>
            </desc>
        </t>
        <t>
            <field>SYS.RESERVE8</field>
            <desc>
                <p>System field - reserved for future use</p>
                <p/>
            </desc>
        </t>
    <t>
            <field>SYS.RESERVE7</field>
            <desc>
                <p>System field - reserved for future use</p>
                <p/>
            </desc>
        </t>
        <t>
            <field>SYS.RESERVE6</field>
            <desc>
                <p>System field - reserved for future use</p>
                <p/>
            </desc>
        </t>
        <t>
            <field>SYS.RESERVE5</field>
            <desc>
                <p>System field - reserved for future use</p>
                <p/>
            </desc>
        </t>
    <t>
            <field>SYS.RESERVE4</field>
            <desc>
                <p>System field - reserved for future use</p>
                <p/>
            </desc>
        </t>
        <t>
            <field>SYS.RESERVE3</field>
            <desc>
                <p>System field - reserved for future use</p>
                <p/>
            </desc>
        </t>
        <t>
            <field>SYS.RESERVE2</field>
            <desc>
                <p>System field - reserved for future use</p>
                <p/>
            </desc>
        </t>
                <t>
            <field>SYS.RESERVE1</field>
            <desc>
                <p>System field - reserved for future use</p>
                <p/>
            </desc>
        </t>
    <t><field>DEFINITION.MANAGER</field><desc><p>Help Text for this field is unavailable.  Please refer to the T24 User Guides for further information.</p></desc></t><t><field>COMMON.CLASS.TYPE</field><desc><p>Help Text for this field is unavailable.  Please refer to the T24 User Guides for further information.</p></desc></t><t><field>COMMON.CLASS</field><desc><p>Help Text for this field is unavailable.  Please refer to the T24 User Guides for further information.</p></desc></t><t><field>COMMON.CLASS.CONDITION</field><desc><p>Help Text for this field is unavailable.  Please refer to the T24 User Guides for further information.</p></desc></t><t><field>COMMON.CONDITION.VERSION</field><desc><p>Help Text for this field is unavailable.  Please refer to the T24 User Guides for further information.</p></desc></t><t><field>SYNC.MAPPING</field><desc><p>Help Text for this field is unavailable.  Please refer to the T24 User Guides for further information.</p></desc></t></menu>
</t24help>
