<?xml version="1.0" encoding="utf-8"?>
<t24help xmlns:xsi="http://www.w3.org/2001/XMLSchema-instance">
    <header>
        <product>AA</product>
        <table>AA.ADVICE.TYPE</table>
    </header>
    <overview>
        <ovdesc>
            <p>This is live file. The entry in this file will be created after publishing of AA.DEFINITION.MANAGER for ADVICE.CLASS. </p>
           
        </ovdesc>
    </overview>
    <menu>
        <t>
            <field>DESCRIPTION</field>
            <desc>
                <p>The Description of the Advice as defined in AA.DEFINITION.MANAGER</p>
                
            </desc>
        </t>
		 <t>
            <field>STATUS</field>
            <desc>
                <p>It specifies the current status of the advice definition. The STATUS will update as PUBLISHED while publishing the AA.DEFINITION.MANAGER of ADVICE.CLASS definition.</p>
            </desc>
        </t>
         <t>
            <field>AVAILABLE.DATE</field>
            <desc>
               <p> The Date from which the Advice Type is Valid.</p>
                <p>1)Standard T24 Date , format is YYYYMMDD </p>
            </desc>
        </t>
		 <t>
            <field>EXPIRY.DATE</field>
            <desc>
               <p> The Date beyond which the Advice Type is no longer Valid and can not be used as an Advice </p>
                <p>1)Standard T24 Date , format is YYYYMMDD </p>
            </desc>
        </t>
        <t>
            <field>LAST.PUBLISHED</field>
            <desc>
               <p> The Date at which the Advice Type is published. It will be TODAY's date.</p>
                <p>1)Standard T24 Date , format is YYYYMMDD </p>
            </desc>
        </t>
        <t>
            <field>ADVICE.APPLICATION.NAMES</field>
            <desc>
                <p>It holds the Advice artefact application names which are created on publishing the AA.DEFINITION.MANAGER of ADVICE.CLASS definition. It is associated multivalued field along with ADVICE.APPLICATION.ID. The following artefacts will be created while publishing the ADVICE product definition. (DE.MESSAGE, DE.MAPPING, EB.ACTIVITY, EB.ADVICES, EB.EVENT.TYPE, TEC.ITEMS</p>
                <p/>
            </desc>
        </t>
        <t>
            <field>ADVICE.APPLICATION.IDS</field>
            <desc>
                <p>It holds the record ids of the Advice artefact application which will be created on publishing the AA.DEFINITION.MANAGER for ADVICE.CLASS definition.</p>
                <p/>
            </desc>
        </t>
    <t><field>ADVICE.TYPE</field><desc><p>Help Text for this field is unavailable.  Please refer to the T24 User Guides for further information.</p></desc></t><t><field>CLASS.NAME</field><desc><p>Help Text for this field is unavailable.  Please refer to the T24 User Guides for further information.</p></desc></t></menu>
</t24help>
