<?xml version="1.0" encoding="utf-8"?>
<t24help xmlns:xsi="http://www.w3.org/2001/XMLSchema-instance">
    <header>
        <product>AA</product>
        <table>AA.BILL.DETAILS</table>
    </header>
    <overview>
        <ovdesc>
            <p/>
            <p>          This is a live file holding the bill information of the payment. Bills are generated prior to payments. These bills hold all the details of the payment and different status it would undergo. Bills are generated by the activity ISSUE.BILL. </p>
            <p>           Bills can be generated online for the payments made online like activity charges, charges for periodic rules etc. Bills are generated during cob for the scheduled payment. </p>
            <p/>
            <p>          Bills are generated prior to certain number of days before the payment date. The number of days is defined in the field BILL.PRODUCED in the payment schedule property.</p>
            <p/>
            <p>            Either individual bills or combined bills can be produced for each of the payment types. This is decided by the field BILLS.COMBINED in the payment schedule property. Bill details is updated when the payment date is made due, aging, suspension, repayment.</p>
            <p/>
            <p>           Bank related fields will updated on and after the charge off arrangement.  Once charge off is done then customer balances will be stored in existing amount related fields and Bank balances will be stored in BNK (bank) fields. </p>
        </ovdesc>
    </overview>
    <menu>
        <t>
            <field>AGING.STATUS</field>
            <desc>
                <p/>
                <p>        This field represent the aging status the bill underwent. This field is associated with the AGING.ST.CHG.DT field.</p>
                <p>       The aging activity would update this field.</p>
                <p>       The aging statuses are defined in the EB.LOOKUP file.</p>
                <p>       When bill is deemed to be settled, that is DELIN.OS.AMT is zero, the aging status is updated as SETTLED and the bill is not considered for further aging if the field AGE.BILLS is set as BILL.STATUS.</p>
                <p/>
            </desc>
        </t>
        <t>
            <field>ARRANGEMENT.ID</field>
            <desc>
                <p/>
                <p>        This field denotes the arrangement id for which the bill is generated</p>
            </desc>
        </t>
        <t>
            <field>BILL.DATE</field>
            <desc>
                <p/>
                <p>        This field denotes the bill creation date. This value in this field is equal to the effective date of the issue bill activity.</p>
                <p>       Standard T24 date field</p>
            </desc>
        </t>
        <t>
            <field>BILL.FINAL.DATE</field>
            <desc>
                <p/>
                <p>       This field represent the date when the action FINALISE.BILL was triggered. Currently the functionality for FINALISE.BILL is in development stage.</p>
                <p>      Standard T24 date field</p>
            </desc>
        </t>
        <t>
            <field>BILL.REFERENCE</field>
            <desc>
                <p>  This field represents the id of the bill. The format of the bill  is AABILL&lt;nnnnn&gt;&lt;xxxxx&gt; where nnn is the julian date and xxxx is the auto generated sequence</p>
            </desc>
        </t>
        <t>
            <field>BILL.ST.CHG.DT</field>
            <desc>
                <p/>
                <p>       This field represents the effective date of the bill status. This field is associated with the field BILL.STATUS. and the last multi value shows the effective date of the current status</p>
                <p>      Standard T24 date field</p>
            </desc>
        </t>
        <t>
            <field>BILL.STATUS</field>
            <desc>
                <p/>
                <p>       This field represents the bill status. This field is associated with the field BILL.ST.CHG.DT and the last multi value shows the current status</p>
            </desc>
        </t>
        <t>
            <field>BILL.TYPE</field>
            <desc>
                <p>This field signifies the type of the bill. The Bill types currently available are</p>
                <p>PAYMENT - Scheduled bill</p>
                <p>PR.CHARGE - The bill generated for periodic rule charges</p>
                <p>ACT.CHARGE - The bill generated for activity charges</p>
                <p>PAYOFF - The bill generated for pay off</p>
            </desc>
        </t>
        <t>
            <field>CAPTURE.PROPERTY</field>
            <desc>
                <p>This field is updated when a new property is included in the arrangement through capture bill activity</p>
            </desc>
        </t>
        <t>
            <field>CAPTURE.PROPERTY.AMT</field>
            <desc>
                <p>This field is updated with the outstanding amount for the property associated with CAPTURE.PROPERTY</p>
            </desc>
        </t>
        <t>
            <field>ACTUAL.PAY.DATE</field>
            <desc>
                <p/>
                <p>          This field represent the actual payment date. The payments dates can be calendar days or can be cycled forward or backward if the payment date happens to be a holiday. This is determined by the field DATE.CONVENTION in PAYMENT.SCHEDULE property</p>
                <p/>
                <p>        Standard T24 date field</p>
            </desc>
        </t>
        <t>
            <field>CHARGEOFF.AMOUNT</field>
            <desc>
                <p>This field represents the charge off amount. Standard T24 amount field.</p>
                <p/>
                <p>     Standard T24 amount field</p>
            </desc>
        </t>
        <t>
            <field>CHARGEOFF.REF</field>
            <desc>
                <p> This field represents the activity reference followed by date for the amount charged off against the field OR.PROP.AMT.BNK.</p>
            </desc>
        </t>
        <t>
            <field>CURRENCY</field>
            <desc>
                <p/>
                <p>        This field represents the currency of the arrangement.</p>
            </desc>
        </t>
        <t>
            <field>DEFER.DATE</field>
            <desc>
                <p>The date on which customer will see this bill in his statement. This will be normally �X� days after the original cycled date of the Bill. On this date, the actual Make due/Capitalise activity is going to happen for the bill.</p>
            </desc>
        </t>
        <t>
            <field>DEFER.REFERENCE</field>
            <desc>
                <p>The arrangement activity reference of the DEFER.MAKEDUE/DEFER.CAPITALISE activity that happened on the original cycled date.</p>
            </desc>
        </t>
        <t>
            <field>DELIN.AMT</field>
            <desc>
                <p>This field denotes the delinquent amount that has been settled by the repayment reference as part of delinquency processing</p>
            </desc>
        </t>
        <t>
            <field>DELIN.OS.AMT</field>
            <desc>
                <p/>
                <p>    This field represents the delinquent outstanding amount. If the value in the field BILL.SETTLEMENT is BILL.TOTAL, the total outstanding amount is updated in the field DELIN.OS.AMT during aging. During repayment, the repayment amount is compared with the total outstanding amount of the selected bill and the difference is updated in the field.   </p>
                <p>   If the repayment amount happens to be greater than or equal to total outstanding amount, the bill is deemed to be settled.</p>
                <p/>
            </desc>
        </t>
        <t>
            <field>DELIN.OS.AMT.LCY</field>
            <desc>
                <p>Local currency equivalent for amount in DELIN.OS.AMT </p>
            </desc>
        </t>
        <t>
            <field>DELIN.REP.REF</field>
            <desc>
                <p>This field denotes the repayment reference of the repayment made against the bill and if the bill is settled based on delinquency processing</p>
            </desc>
        </t>
        <t>
            <field>DUE.REFERENCE</field>
            <desc>
                <p>This field denotes the make due reference.</p>
            </desc>
        </t>
        <t>
            <field>ADJ.AMT.BNK</field>
            <desc>
                <p>This field represent the BANK amount adjusted after the bill was issued. The arrangement could undergo changes which can alter the payment amount. These changes can occur after the bill was issued but before the payment is made due.</p>
                <p/>
                <p>     Standard T24 amount field</p>
            </desc>
        </t>
        <t>
            <field>EXPIRY.DATE</field>
        </t>
        <t>
            <field>FINANCIAL.DATE</field>
            <desc>
                <p/>
                <p>       This field represents the financial date of the payment. This field represents the value date of the accounting entries raised during the payment. This date can be cycled forward or backward to the next working day if the payment date falls on a holiday. This depends on the fields DATE.CONVENTION and DATE.ADJUSTMENT in the PAYMENT.SCHEDULE property.</p>
                <p/>
                <p>      Standard T24 date field</p>
            </desc>
        </t>
        <t>
            <field>INFO.PAY.PRP</field>
            <desc>
                <p>This field gives the list of properties that are linked with info payment type</p>
            </desc>
        </t>
        <t>
            <field>INFO.PAY.TYPE</field>
            <desc>
                <p>This field denotes payment type linked with perdiem amounts calculated for payoff bill</p>
            </desc>
        </t>
        <t>
            <field>INFO.PR.AMT</field>
            <desc>
                <p>This field denotes the original due amount for the perdiem payment type property</p>
            </desc>
        </t>
        <t>
            <field>INFO.PR.AMT.LCY</field>
            <desc>
                <p>Local currency equivalent for amount in INFO.PR.AMT</p>
            </desc>
        </t>
        <t>
            <field>LAST.UPDATE.DATE</field>
            <desc>
                <p/>
                <p>       This field represents the last date or the recent date when the bill was last updated.</p>
                <p>      Standard T24 date field</p>
            </desc>
        </t>
        <t>
            <field>MASTER.ARR.ID</field>
        </t>
        <t>
            <field>MASTER.DEFER.REF</field>
        </t>
        <t>
            <field>MASTER.DUE.REF</field>
        </t>
        <t>
            <field>ADJUST.AMT</field>
            <desc>
                <p/>
                <p>          This field represent the amount adjusted after the bill was issued. The arrangement could undergo changes which can alter the payment amount. These changes can occur after the bill was issued but before the payment is made due</p>
                <p/>
                <p>        Standard T24 amount field</p>
            </desc>
        </t>
        <t>
            <field>MASTER.ISSUE.BILL.REF</field>
        </t>
        <t>
            <field>OR.PR.AMT</field>
            <desc>
                <p/>
                <p>       This field represents the original amount of the given property  under the given payment type.  This field is associated with the sub value set of fields - OS.PR.AMT, OS.AD.PR.AMT for each multi value of the PAY.PROEPRTY field</p>
                <p>     Standard T24 amount field</p>
            </desc>
        </t>
        <t>
            <field>OR.PR.AMT.LCY</field>
            <desc>
                <p>Local currency equivalent for amount in OR.PR.AMT</p>
            </desc>
        </t>
        <t>
            <field>OR.PR.BNK</field>
            <desc>
                <p>This field represents the BANK original amount of the given property  under the given payment type.  This field is associated with the sub value set of fields - OS.PR.BNK, OS.ADJ.PR.BNK for each multi value of the PAY.PROEPRTY field</p>
                <p/>
                <p>     Standard T24 amount field</p>
            </desc>
        </t>
        <t>
            <field>OR.PROP.AMOUNT</field>
            <desc>
                <p/>
                <p>      This field represents the original amount of the given property .   This field is associated with the multi value set of fields - OS.PROP.AMT, OS.ADJ.PROP.AMT for each multi value of the PROEPRTY field</p>
                <p>     Standard T24 amount field</p>
            </desc>
        </t>
        <t>
            <field>OR.PROP.AMT.BNK</field>
            <desc>
                <p>This field represents the BANK original amount of the given property .   This field is associated with the multi value set of fields - OS.PROP.AMT.BNK, OS.ADJ.PROP.BNK for each multi value of the PROEPRTY field.</p>
                <p/>
                <p>     Standard T24 amount field</p>
                <p/>
            </desc>
        </t>
        <t>
            <field>OR.PROP.AMT.LCY</field>
            <desc>
                <p>Local currency equivalent for amount in OR.PROP.AMT</p>
            </desc>
        </t>
        <t>
            <field>OR.TOT.AMOUNT.BNK</field>
            <desc>
                <p> This field represents the total BANK original amount of the bill.</p>
                <p/>
                <p>     Standard T24 amount field.</p>
            </desc>
        </t>
        <t>
            <field>OR.TOTAL.AMOUNT</field>
            <desc>
                <p/>
                <p>      This field represents the total original amount of the bill .   Standard T24 amount field</p>
            </desc>
        </t>
        <t>
            <field>OR.TOTAL.AMT.LCY</field>
            <desc>
                <p>Local currency equivalent for amount in OR.TOTAL.AMT</p>
            </desc>
        </t>
        <t>
            <field>ADJUST.AMT.LCY</field>
            <desc>
                <p>Local currency equivalent for amount in ADJUST.AMT</p>
            </desc>
        </t>
        <t>
            <field>OS.AD.PR.AMT</field>
            <desc>
                <p/>
                <p>      This field represents the outstanding adjusted amount of the given property under a given payment type .   This field is associated with the sub value set of fields - OS.PR.AMT, OR.PR.AMT for each multi value of the PAY.PROPERTY field.</p>
                <p>     Standard T24 amount field</p>
            </desc>
        </t>
        <t>
            <field>OS.AD.PR.AMT.LCY</field>
            <desc>
                <p>Local currency equivalent for amount in OS.AD.PR.AMT</p>
            </desc>
        </t>
        <t>
            <field>OS.ADJ.PR.BNK</field>
            <desc>
                <p>This field represents the BANK outstanding adjusted amount of the given property under a given payment type .   This field is associated with the sub value set of fields - OS.PR.BNK, OR.PR.BNK for each multi value of the PAY.PROPERTY field.</p>
                <p/>
                <p>     Standard T24 amount field.</p>
            </desc>
        </t>
        <t>
            <field>OS.ADJ.PROP.AMT</field>
            <desc>
                <p/>
                <p>      This field represents the outstanding adjusted amount of the given property .   This field is associated with the multi value set of fields - OS.PROP.AMT, OR.PROP.AMT for each multi value of the PROPERTY field</p>
                <p>     Standard T24 amount field</p>
            </desc>
        </t>
        <t>
            <field>OS.ADJ.PROP.AMT.LCY</field>
            <desc>
                <p>Local currency equivalent for amount in OS.ADJ.PROP.AMT </p>
            </desc>
        </t>
        <t>
            <field>OS.ADJ.PROP.BNK</field>
            <desc>
                <p>This field represents the BANK outstanding adjusted amount of the given property .   This field is associated with the multi value set of fields - OS.PROP.AMT.BNK, OR.PROP.AMT.BNK for each multi value of the PROPERTY field.</p>
                <p/>
                <p>     Standard T24 amount field.</p>
                <p/>
            </desc>
        </t>
        <t>
            <field>OS.PR.AMT</field>
            <desc>
                <p/>
                <p>       This field represents the outstanding amount of the given property .   This field is associated with the subti value set of fields - OS.AD.PR.AMT, OR.PR.AMT for each multi value of the PAY.PROPERRTY field under a given payment type. This is updated during MAKE.DUE activity</p>
                <p>     Standard T24 amount field</p>
            </desc>
        </t>
        <t>
            <field>OS.PR.AMT.LCY</field>
            <desc>
                <p>Local currency equivalent for amount in OS.PR.AMT</p>
            </desc>
        </t>
        <t>
            <field>OS.PR.BNK</field>
            <desc>
                <p>This field represents the BANK outstanding amount of the given property .  This field is associated with the subti value set of fields - OS.ADJ.PR.BNK, OR.PR.BNK for each multi value of the PAY.PROPERRTY field under a given payment type. This is updated during MAKE.DUE activity and INCREASE.CHARGEOFF activity.</p>
                <p/>
                <p>     Standard T24 amount field</p>
            </desc>
        </t>
        <t>
            <field>OS.PROP.AMOUNT</field>
            <desc>
                <p/>
                <p>      This field represents the outstanding amount of the given property .   This field is associated with the multi value set of fields - OS.ADJ.PROP.AMT, OR.PROP.AMT for each multi value of the PROPERRTY field This is updated during MAKE.DUE activity</p>
                <p>     Standard T24 amount field</p>
            </desc>
        </t>
        <t>
            <field>ADJUST.REF</field>
            <desc>
                <p>This field in conjunction with ADJUST.AMT denotes the reference of the adjustment made to the bill.</p>
            </desc>
        </t>
        <t>
            <field>OS.PROP.AMT.BNK</field>
            <desc>
                <p>This field represents the BANK outstanding amount of the given property .   This field is associated with the multi value set of fields - OR.PROP.AMT.BNK, OS.ADJ.PROP.BNK for each multi value of the PROPERRTY field. This is updated during MAKE.DUE activity and INCREASE.CHARGEOFF activity.</p>
                <p/>
                <p>     Standard T24 amount field</p>
            </desc>
        </t>
        <t>
            <field>OS.PROP.AMT.LCY</field>
            <desc>
                <p>Local currency equivalent for amount in OS.PROP.AMT</p>
            </desc>
        </t>
        <t>
            <field>OS.TOT.ADJ.AMT.BNK</field>
            <desc>
                <p>This field represents the total BANK outstanding adjusted amount of the bill.</p>
                <p/>
                <p>     Standard T24 amount field.</p>
            </desc>
        </t>
        <t>
            <field>OS.TOT.AMOUNT.BNK</field>
            <desc>
                <p>This field represents the total BANK outstanding amount of the bill .Standard T24 amount field.</p>
                <p/>
                <p>     Standard T24 amount field.</p>
            </desc>
        </t>
        <t>
            <field>OS.TOTAL.ADJ.AMT</field>
            <desc>
                <p/>
                <p>      This field represents the total outstanding adjusted amount of the bill .Standard T24 amount field</p>
            </desc>
        </t>
        <t>
            <field>OS.TOTAL.ADJ.AMT.LCY</field>
            <desc>
                <p>Local currency equivalent for amount in OS.TOTAL.ADJ.AMT</p>
            </desc>
        </t>
        <t>
            <field>OS.TOTAL.AMOUNT</field>
            <desc>
                <p/>
                <p>      This field represents the total outstanding amount of the bill .Standard T24 amount field.</p>
            </desc>
        </t>
        <t>
            <field>OS.TOTAL.AMT.LCY</field>
            <desc>
                <p>Local currency equivalent for amount in OS.TOTAL.AMT </p>
            </desc>
        </t>
        <t>
            <field>PAY.PROPERTY</field>
            <desc>
                <p/>
                <p>     This field represents the payment property for a given payment type on the payment date</p>
            </desc>
        </t>
        <t>
            <field>PAYMENT.AMOUNT</field>
            <desc>
                <p/>
                <p>     This field represents the total payment amount on the payment date. Standard T24 amount field</p>
            </desc>
        </t>
        <t>
            <field>ADVANCE.BILL</field>
            <desc>
                <p>This field denotes if this bill is raised through a advance payment, this field can hold value &apos;YES&apos;.</p>
            </desc>
        </t>
        <t>
            <field>PAYMENT.AMT.BNK</field>
            <desc>
                <p>This field represents the BANK total payment amount on the payment date. Standard T24 amount field.</p>
                <p/>
                <p>     Standard T24 amount field</p>
            </desc>
        </t>
        <t>
            <field>PAYMENT.AMT.LCY</field>
            <desc>
                <p>Local currency equivalent for amount in PAYMENT.AMT </p>
            </desc>
        </t>
        <t>
            <field>PAYMENT.DATE</field>
            <desc>
                <p/>
                <p>     This field represents the payment date. Standard T24 date field</p>
            </desc>
        </t>
        <t>
            <field>PAYMENT.INDICATOR</field>
            <desc>
                <p>This field is updated with either credit or debit indicator based on the property of the bill</p>
            </desc>
        </t>
        <t>
            <field>PAYMENT.METHOD</field>
            <desc>
                <p/>
                <p>     This field represents the method of payment. It denotes whether the payment needs to be made due or capitalised</p>
            </desc>
        </t>
        <t>
            <field>PAYMENT.TYPE</field>
            <desc>
                <p/>
                <p>     This field represents the payment type. The payment type defined in the payment schedule property for the given payment date.</p>
            </desc>
        </t>
        <t>
            <field>PROP.PAYMENT.INDICATOR</field>
            <desc>
                <p/>
                <p>     This field is updated with credit indicator if the tax is made payable for the adjustment bills. For normal bills having tax as due this field will be left blank.</p>
            </desc>
        </t>
        <t>
            <field>PROPERTY</field>
            <desc>
                <p/>
                <p>     This field represents the payment property for the given payment date.</p>
            </desc>
        </t>
        <t>
            <field>REPAY.AMOUNT</field>
            <desc>
                <p/>
                <p>     This field represents the amount repaid. Standard T24 amount field</p>
            </desc>
        </t>
        <t>
            <field>REPAY.AMT.LCY</field>
            <desc>
                <p>Local currency equivalent for amount in REPAY.AMT</p>
            </desc>
        </t>
        <t>
            <field>ADVANCE.PAYMENT</field>
            <desc>
                <p/>
                <p>         This field represents the advance payment made on the arrangement</p>
            </desc>
        </t>
        <t>
            <field>REPAY.BNK</field>
            <desc>
                <p>This field denotes the reference number of the repayment made against BANK amounts. </p>
                <p/>
                <p>      Standard T24 amount field</p>
            </desc>
        </t>
        <t>
            <field>REPAY.REF</field>
            <desc>
                <p/>
                <p>     This field denotes the reference number of the repayment made.</p>
            </desc>
        </t>
        <t>
            <field>SET.ST.CHG.DT</field>
            <desc>
                <p/>
                <p>     This field represents the effective date of the settlement status. This field is associated with the field SETTLE..STATUS. and the last multi value shows the effective date of the current status</p>
                <p>      Standard T24 date field</p>
            </desc>
        </t>
        <t>
            <field>SETTLE.STATUS</field>
            <desc>
                <p/>
                <p>    This field represents the current settle status. This field is associated with the field SET.ST.CHG.DT. and the last multi value shows the current status</p>
            </desc>
        </t>
        <t>
            <field>SUS.PR.AMT</field>
            <desc>
                <p/>
                <p>This field represents the suspended amount of the given property . This field is associated with the sub value set of fields - OS.AD.PR.AMT, OR.PR.AMT for each multi value of the PAY.PROPERRTY field under a given payment type.</p>
                <p>This is updated during SUSPEND activity if SUSPEND.OVERDUE is being set for the corresponding property. After the arrangement is suspended this field will get updated during MAKEDUE activity</p>
            </desc>
        </t>
        <t>
            <field>SUS.PR.AMT.LCY</field>
            <desc>
                <p>Local currency equivalent for amount in SUS.PR.AMT</p>
            </desc>
        </t>
        <t>
            <field>SUS.PR.BNK</field>
            <desc>
                <p>This field is used to capture suspended Bank property amount.</p>
                <p/>
                <p>      Standard T24 date field</p>
            </desc>
        </t>
        <t>
            <field>SUS.PROP.AMOUNT</field>
            <desc>
                <p/>
                <p>This field represents the suspended amount of the given property . This field is associated with the multi value set of fields - OS.ADJ.PROP.AMT, OR.PROP.AMT for each multi value of the PROPERRTY field.</p>
                <p>This is updated during SUSPEND activity if SUSPEND.OVERDUE is being set for the corresponding property. After the arrangement is suspended this field will get updated during MAKEDUE activity</p>
            </desc>
        </t>
        <t>
            <field>SUS.PROP.AMT.LCY</field>
            <desc>
                <p>Local currency equivalent for amount in SUS.PROP.AMT</p>
            </desc>
        </t>
        <t>
            <field>SUS.PROP.BNK</field>
            <desc>
                <p>This field is used to capture suspended Bank property amount.</p>
                <p/>
                <p>      Standard T24 date field</p>
            </desc>
        </t>
        <t>
            <field>AGING.REF</field>
            <desc>
                <p>This field is updated with the arrangement activity reference of the aging activity, this is used to identify the bills that are moved to a new aging status by the aging activity</p>
            </desc>
        </t>
        <t>
            <field>WAIVE.PR.AMT</field>
            <desc>
                <p>This field is updated with the waived amount for the property for the associated payment type</p>
            </desc>
        </t>
        <t>
            <field>WAIVE.PR.AMT.LCY</field>
            <desc>
                <p>Local currency equivalent for amount in WAIVE.PROP.AMOUNT</p>
            </desc>
        </t>
        <t>
            <field>WAIVE.PROP.AMOUNT</field>
            <desc>
                <p>This field is linked to definitions stated in ACTIVITY.RESTRICTION. On evaluating a rule, the user may decide to Waive the calculated amount and even though it is waived and no Accounting is generated, it would be recorded in this field for information and MIS purposes.</p>
            </desc>
        </t>
        <t>
            <field>WAIVE.PROP.AMT.LCY</field>
            <desc>
                <p>Local currency equivalent for amount in WAIVE.PROP.AMOUNT</p>
            </desc>
        </t>
        <t>
            <field>WRITEOFF.AMT</field>
            <desc>
                <p/>
                <p>      This field represents the amount written off from the bill. Standard T24 amount field.</p>
            </desc>
        </t>
        <t>
            <field>WRITEOFF.AMT.LCY</field>
            <desc>
                <p>Local currency equivalent for amount in WRITEOFF.AMT</p>
            </desc>
        </t>
        <t>
            <field>WRITEOFF.BNK</field>
            <desc>
                <p>This field represents the BANK amount written off from the bill. Standard T24 amount field.</p>
                <p/>
                <p>     Standard T24 amount field</p>
            </desc>
        </t>
        <t>
            <field>WRITEOFF.REF</field>
            <desc>
                <p>This field denotes the reference of the write off activity executed on a bill.</p>
            </desc>
        </t>
        <t>
            <field>AGING.ST.CHG.DT</field>
            <desc>
                <p/>
                <p>         This field represent the date on which the aging status was changed. This field is associated with the AGING.STATUS field.</p>
                <p/>
                <p>       Standard T24 date field</p>
            </desc>
        </t>
        <t>
            <field>MASTER.ARR.ID</field>
            <desc>
                <p>Non-Financila arrangement</p>
                <p>       Standard T24 date field</p>
            </desc>
        </t>
        <t>
            <field>MASTER.ISSUE.BILL.REF</field>
            <desc>
                <p>Non-Financial arrangement issue bill activity reference. It is AA.ARRANGMENT.ACTIVITY ID</p>
            </desc>
        </t>
        <t>
            <field>MASTER.DEFER.REF</field>
            <desc>
                <p>Non-Financial arrangement defer activity reference. It is AA.ARRANGMENT.ACTIVITY ID</p>
            </desc>
        </t>
        <t>
            <field>MASTER.DUE.REF</field>
            <desc>
                <p>Non-Financial arrangement due activity reference. It is AA.ARRANGMENT.ACTIVITY ID</p>
            </desc>
        </t>
    <t><field>BILL.PROPERTY</field><desc><p>Help Text for this field is unavailable.  Please refer to the T24 User Guides for further information.</p></desc></t><t><field>CONSOL.PROPERTY</field><desc><p>Help Text for this field is unavailable.  Please refer to the T24 User Guides for further information.</p></desc></t><t><field>CONSOL.PROP.AMT</field><desc><p>Help Text for this field is unavailable.  Please refer to the T24 User Guides for further information.</p></desc></t></menu>
</t24help>
