<?xml version="1.0" encoding="utf-8"?>
<t24help xmlns:xsi="http://www.w3.org/2001/XMLSchema-instance">
    <header>
        <product>AA</product>
        <table>AA.CHARGE.HANDOFF.DETAILS</table>
    </header>
    <overview>
        <ovdesc>
			<p/>
			<p>This is a live file holding the charge information for non-financial products. A service will handover the charges details to financial arrangement during COB.</p>
			<p/>
			<p>System will update the calculated charge amount into AA.CHARGE.HANDOFF.DETAILS based on the settlement account defined in the settlement property. During the COB AA.CHARGE.HANDOFF.PROCESS job will pick the AA.CHARGE.HANDOFF.DETAILS record and once the record BILL.ST.CHG.DT and settlement account current system date it will initiate the bill, accounting and settlement process.</p>
            <p/>
        </ovdesc>
    </overview>
    <menu>
        <t>
            <field>SOURCE.REFERENCE</field>
            <desc>
                <p>Non-Financial arrangement activity reference </p>
            </desc>
        </t>
        <t>
            <field>SOURCE.APPLICATION</field>
            <desc>
                <p>Source application reference. From AA it will be AA.ARRANGEMENT.ACTIVITY.</p>
            </desc>
        </t>
        <t>
            <field>SOURCE.ID</field>
            <desc>
                <p>Non-Financial arrangement ID.</p>
            </desc>
        </t>
        <t>
            <field>PAYMENT.DATE</field>
            <desc>
                <p>This field is Payment Date.</p>
                <p>Standard T24 date field </p>
            </desc>
        </t>
        <t>
            <field>ACTUAL.PAY.DATE</field>
            <desc>
                <p>Actual Payment Date. The payments dates can be calendar days or can be cycled forward or backward if the payment date happens to be a holiday. This is determined by the field DATE.CONVENTION in PAYMENT.SCHEDULE property. Standard T24 date field</p>
                <p>Standard T24 date field </p>
            </desc>
        </t>
        <t>
            <field>FINANCIAL.DATE </field>
            <desc>
                <p> Financial Date.  This field represents the value date of the accounting entries raised during the payment. This date can be cycled forward or backward to the next working day if the payment date falls on a holiday. This depends on the fields DATE.CONVENTION and DATE.ADJUSTMENT in the PAYMENT.SCHEDULE property.</p>
            </desc>
        </t>
        <t>
            <field>DEFER.DATE</field>
            <desc>
                <p>Defer Date. The date on which customer will see this bill in his statement. This will be normally 'X' days after the original cycled date of the Bill. On this date, the actual Make due/Capitalise activity is going to happen for the bill. </p>
            </desc>
        </t>
        <t>
            <field>CURRENCY</field>
            <desc>
                <p> Defer Date. The date on which customer will see this bill in his statement. This will be normally 'X' days after the original cycled date of the Bill. On this date, the actual Make due/Capitalise activity is going to happen for the bill.</p>
            </desc>
        </t>
        <t>
            <field>OR.TOTAL.AMOUNT</field>
            <desc>
                <p>This field represents the original amount of the given property . This field is associated with the multi value set of fields - OS.PROP.AMT, OS.ADJ.PROP.AMT for each multi value of the PROEPRTY field.</p>
                <p>Standard T24 amount field </p>
            </desc>
        </t>
        <t>
            <field>OR.TOTAL.AMT.LCY</field>
            <desc>
                <p>Local currency equivalent for amount in OR.TOTAL.AMT </p>
                <p>Standard T24 amount field </p>
            </desc>
        </t>
        <t>
            <field>PROPERTY</field>
            <desc>
                <p> This field represents the payment property for the given payment date.</p>
            </desc>
        </t>
        <t>
            <field>OR.PROP.AMOUNT</field>
            <desc>
                <p> This field represents the original amount of the given property . This field is associated with the multi value set of fields - OS.PROP.AMT, OS.ADJ.PROP.AMT for each multi value of the PROEPRTY field</p>
                <p>Standard T24 amount field </p>
            </desc>
        </t>
        <t>
            <field>OR.PROP.AMT.LCY</field>
            <desc>
                <p> Local currency equivalent for amount in OR.PROP.AMOUNT</p>
            </desc>
        </t>
        <t>
            <field>PAYMENT.TYPE</field>
            <desc>
                <p> This field represents the payment type. The payment type defined in the payment schedule property for the given payment date.</p>
            </desc>
        </t>
        <t>
            <field>WAIVE.AMOUNT</field>
            <desc>
                <p> Waive amount </p>
            </desc>
        </t>
        <t>
            <field>WAIVE.AMOUNT.LCY</field>
            <desc>
                <p> Waive amount LCY</p>
            </desc>
        </t>
        <t>
            <field>WAIVE.REASON</field>
            <desc>
                <p> Waive reason</p>
            </desc>
        </t>
        <t>
            <field>BILL.DATE</field>
            <desc>
                <p> This field denotes the bill creation date. This value in this field is equal to the effective date of the issue bill activity.</p>
            </desc>
        </t>
        <t>
            <field>BILL.TYPE</field>
            <desc>
                <p>This field signifies the type of the bill. The Bill types currently available are</p>
                <p>PAYMENT - Scheduled bill</p>
                <p>PR.CHARGE - The bill generated for periodic rule charges</p>
                <p>ACT.CHARGE - The bill generated for activity charges</p>
                <p>PAYOFF - The bill generated for pay off</p>
                <p>Note: PAYOFF is not considerred here for the handoff table</p>
            </desc>
        </t>
        <t>
            <field>PAYMENT.METHOD</field>
            <desc>
                <p> This field represents the method of payment. It denotes whether the payment needs to be made due or capitalised</p>
            </desc>
        </t>
        <t>
            <field>PAYMENT.INDICATOR</field>
            <desc>
                <p> This field is updated with either credit or debit indicator based on the property of the bill</p>
            </desc>
        </t>
        <t>
            <field>BILL.STATUS</field>
            <desc>
                <p> This field represents the bill status. This field is associated with the field BILL.ST.CHG.DT and the last multi value shows the current status</p>
            </desc>
        </t>
        <t>
            <field>BILL.ST.CHG.DT</field>
            <desc>
                <p> This field represents the effective date of the bill status. This field is associated with the field BILL.STATUS. and the last multi value shows the effective date of the current status.</p>
                <P>Standard T24 date field.</P>
            </desc>
        </t>
        <t>
            <field>ISSUE.BILL.REFERENCE</field>
            <desc>
                <p>Issue bill activity reference. The standard AAA activity reference. </p>
            </desc>
        </t>
        <t>
            <field>DEFER.REFERENCE</field>
            <desc>
                <p> Defer activity reference. The standard AAA activity reference.</p>
            </desc>
        </t>
        <t>
            <field>DUE.REFERENCE</field>
            <desc>
                <p> Due activity reference. The standard AAA activity reference.</p>
            </desc>
        </t>
        <t>
            <field>RR.SOURCE.REFERENCE</field>
            <desc>
                <p> Source application reference to handle the reverse and replay process.</p>
            </desc>
        </t>
    <t><field>HANDOFF.REFERENCE</field><desc><p>Help Text for this field is unavailable.  Please refer to the T24 User Guides for further information.</p></desc></t><t><field>WAIVE.AMT.LCY</field><desc><p>Help Text for this field is unavailable.  Please refer to the T24 User Guides for further information.</p></desc></t></menu>
</t24help>
