<?xml version="1.0" encoding="utf-8"?>
<t24help xmlns:xsi="http://www.w3.org/2001/XMLSchema-instance">
    <header>
        <product>AA</product>
        <table>AA.CONTEXT.TYPE</table>
    </header>
    <overview>
        <ovdesc>
            <p>Various external applications(agents,etc) can pass information using a feed. One of the kind of feed is Context name and context value.  This application holds the defintion of Context name. AAA has the field context name and context value to consume the information from external feed, such as commission information from agent for commission calculation. Context Type id can be used for charge calculation also.</p>
        </ovdesc>
    </overview>
    <menu>
        <t>
            <field>CONTEXT.GROUP</field>
            <desc>
                <p>Drop down field which enables user to select the context group to which the context type id should belong.</p>
            </desc>
        </t>
        <t>
            <field>CONTEXT.TYPE</field>
            <desc>
                <p>Context Type ID ; This can be system defined or user defined. User defined are pre-fixed with &quot;U-&quot;</p>
            </desc>
        </t>
        <t>
            <field>DESCRIPTION</field>
            <desc>
                <p>Context Type Description</p>
            </desc>
        </t>
        <t>
            <field>MAINTAIN.HISTORY</field>
            <desc>
                <p>Acts as a filter to store context name along with the activity id in activity history. Only when this field is set to YES, system will store the context name in the activity history which will be used for periodic evaluations. Note: Flag this field to YES will create performance. Hence switch on this field only when it is really required.</p>
            </desc>
        </t>
        <t>
            <field>OVERRIDE</field>
        </t>
        <t>
            <field>SYSTEM.DEFINED.TYPE</field>
            <desc>
                <p>Denotes the type of value used for the context type ID. Eg: If a context type should be used for Term, PERIOD must be given this field. </p>
                <p/>
                <p>Validation Rules:</p>
                <p>1.Allowed data types are AMOUNT, CURRENCY, DATE, NUMERIC, PERIOD, RATE, STRING, BIG.STRING, CUSTOMER &amp; ACCOUNT. </p>
                <p>2.Value in this field is not allowed when VALIDATION.ROUTINE has value and vice versa.</p>
            </desc>
        </t>
        <t>
            <field>SYSTEM.MAINTAINED</field>
            <desc>
                <p>Denotes the context type is used for internal purpose and user can not make any changes to this context type except for the description.</p>
            </desc>
        </t>
        <t>
            <field>VALIDATION.ROUTINE</field>
            <desc>
                <p>Routine can be specified for the purpose of validating the context type. </p>
                <p/>
                <p>Validation Rules:</p>
                <p>1. This field is mutually exclusive with the field System Defined Type. If value is specified in this field, system will not allow value in System Defined Type and vice versa.,</p>
                <p>2. Must be a valid routine in EB.API</p>
            </desc>
        </t>
    <t><field>MULTI.VALUE</field><desc><p>Help Text for this field is unavailable.  Please refer to the T24 User Guides for further information.</p></desc></t><t><field>PASS.TO.EVENT</field><desc><p>Help Text for this field is unavailable.  Please refer to the T24 User Guides for further information.</p></desc></t></menu>
</t24help>
