<?xml version="1.0" encoding="utf-8"?>
<t24help>
<header>
<product>AA</product>
<table>AA.CUSTOM.RATE.TYPE</table>
</header>
<overview>
<ovdesc>
			<p>This table is used to define the EB.API records that can be used for calculation of Custom rate for interest property class</p>
			<p>ID of this can be Alphanumeric.</p>
            
        </ovdesc>
<ovimage></ovimage>
</overview>
<menu>
<t>
<field>DESCRIPTION</field>
<desc>
            <p>Describes method functionality</p>
        </desc>
</t>
<t>
<field>ROUTINE.NAME</field>
<desc>
            <p>Id of a EB.API record which is suitable for calculating Custom interest rate</p>
        </desc>
</t>
<t><field>ID</field><desc><p>Help Text for this field is unavailable.  Please refer to the T24 User Guides for further information.</p></desc></t></menu>
</t24help>
