<?xml version="1.0" encoding="utf-8"?>
<t24help xmlns:xsi="http://www.w3.org/2001/XMLSchema-instance">
    <header>
        <product>AA</product>
        <table>AA.EXCEPTION.LOG</table>
    </header>
    <menu>
        <t>
            <field>ACTIVITY.ID</field>
            <desc>
                <p>This field is updated with the activity name for which system integrity checks result in an error</p>
            </desc>
        </t>
        <t>
            <field>ACTIVITY.REF</field>
            <desc>
                <p>This field is updated with the Arrangement activity reference for which system integrity checks result in an error</p>
            </desc>
        </t>
        <t>
            <field>ACTIVITY.STATUS</field>
            <desc>
                <p>This field is updated with the status of the AA.ARRANGEMENT.ACTIVITY for the activity reference updated in ACTIVITY.REF field</p>
            </desc>
        </t>
        <t>
            <field>ARRANGEMENT.ID</field>
            <desc>
                <p>Key for the AA.EXCEPTION.LOG table, which is an arrangement number. This Table is updated when the system integrity checks results in an error</p>
            </desc>
        </t>
        <t>
            <field>EFFECTIVE.DATE</field>
            <desc>
                <p>This field is updated with the effective date of the activity updated in ACTIVITY.ID field</p>
            </desc>
        </t>
        <t>
            <field>EXCEPTION.DETAILS</field>
            <desc>
                <p>This field is updated with the integrity check details which results in an error</p>
            </desc>
        </t>
        <t>
            <field>EXCEPTION.TYPE</field>
            <desc>
                <p>This field is updated with the integrity check category which results in an error</p>
            </desc>
        </t>
        <t>
            <field>EXCEPTION.VALUE</field>
            <desc>
                <p>This field is updated with the expected and actual values of various fields that are associated with the integrity error category updated in EXCEPTION.TYPE field</p>
            </desc>
        </t>
        <t>
            <field>SYSTEM.DATE</field>
            <desc>
                <p>This field is updated with the system date of the activity updated in ACTIVITY.ID field</p>
            </desc>
        </t>
    <t><field>ACCOUNT.ID</field><desc><p>Help Text for this field is unavailable.  Please refer to the T24 User Guides for further information.</p></desc></t><t><field>AC.ALTERNATE.REF</field><desc><p>Help Text for this field is unavailable.  Please refer to the T24 User Guides for further information.</p></desc></t><t><field>ACTIVITY.FUNCTION</field><desc><p>Help Text for this field is unavailable.  Please refer to the T24 User Guides for further information.</p></desc></t><t><field>EXCEPTION.SEVERITY</field><desc><p>Help Text for this field is unavailable.  Please refer to the T24 User Guides for further information.</p></desc></t></menu>
</t24help>
