<?xml version="1.0" encoding="utf-8"?>
<t24help>
<header>
<product>AA</product>
<table>AA.MAPPING</table>
</header>
<overview>
<ovdesc>

            <p />
            <p>  This file is used to map the fields of existing files in T24 modules with the fields of the classic property classes of AA. Certain parameter files of existing T24 modules have been split into different property classes in AA. These are called classic product. </p>
        </ovdesc>
<ovimage></ovimage>
</overview>
<menu>
<t>
<field>TARGET.VALUE</field>
<desc>
            <p>This field represents the compare value for the target property of the classic property class</p>
        </desc>
</t>
<t>
<field>SRC.PROP.CLASS</field>
<desc>
            <p>  This field represents the name of the source property class</p>
        </desc>
</t>
<t>
<field>SRC.RULE</field>
<desc>
            <p />
            <p>  This field represents the rule that can be attached to the fields. Should be a valid id from the file EB.COMPARISON.TYPE</p>
        </desc>
</t>
<t>
<field>TARGET.PROP</field>
<desc>
            <p>This field represents the name of the target property of the classic property class</p>
        </desc>
</t>
<t>
<field>SRC.FLD</field>
<desc>
            <p />
            <p>  This field represents the name of the source field that would map to the field in the designer template of the classic property class</p>
        </desc>
</t>
<t>
<field>PROD.GRP</field>
<desc>
            <p>  This field represents the name of the product group the property class would belong to. </p>
        </desc>
</t>
<t>
<field>TARGET.FLD</field>
<desc>
            <p />
            <p>  This field represents the name of the target field in the designer table of the given classic property class</p>
        </desc>
</t>
<t>
<field>SRC.PROP.FILE</field>
<desc>
            <p> The field represents the actual file name whose fields are mapped to the given property class</p>
        </desc>
</t>
<t>
<field>VAL.RTN</field>
<desc>
            <p> This field represents the name of the validation routine that can be attached for the classic mapping</p>
        </desc>
</t>
<t>
<field>CONTROL.FLD</field>
<desc>
            <p />
            <p>  This is is the main control field in the source file.</p>
        </desc>
</t>
<t>
<field>ID.SEP</field>
<desc>
            <p> This field represents the separator that would appear in the id of the classic property class</p>
        </desc>
</t>
<t>
<field>MAPPING.ID</field>
<desc>
            <p> This field represents the id of the mapping file. The id is the name of the classic property class</p>
        </desc>
</t>
</menu>
</t24help>

