<?xml version="1.0" encoding="utf-8"?>
<t24help xmlns:xsi="http://www.w3.org/2001/XMLSchema-instance">
    <header>
        <product>AA</product>
        <title>AA.MAPPING.TYPE</title>
        <table>AA.MAPPING.TYPE</table>
    </header>
    <overview>
        <ovdesc>
            <p>This table is system mainted and is updated when a new MappingType is defined in AA.DEFINITION.MANAGER</p>
        </ovdesc>
    </overview>
    <menu>
        <t>
            <field>DESCRIPTION</field>
            <desc>
                <p>This field can be expanded to allow the user to enter the description of the AA.DEFINITION.MANAGER in various languages.
Each expansion of the field will correspond to a new Language as defined in the LANGUAGE table (Ref: GENERAL TABLES), and will indicate to the User the Language in which the Description must be entered.</p>
            </desc>
        </t>
        <t>
        <field>CLASS.NAME</field>
            <desc>
                <p>This field denotes the successfully cataloged class name belonging to the mapping type.</p>
            </desc>
        </t>
	    <t>
        <field>STATUS</field>
	        <desc>
                <p>This field denotes the current status of the product. If the product was published lately it will hold the value PUBLISHED</p>
            </desc>
        </t>
        <t>
        <field>AVAILABLE.DATE</field>
            <desc>
                <p>This field indicates the date from which this mapping type is valid.</p>
            </desc>
        </t>
        <t>
        <field>EXPIRY.DATE</field>
            <desc>
                <p>This field denotes the expiry date when the mapping type was last cataloged.</p>
            </desc>
        </t>
        <t>
        <field>LAST.PUBLISHED</field>
			<desc>
                <p>This field denotes the date when the record was last published</p>
            </desc>
        </t>
    <t><field>MAPPING.TYPE</field><desc><p>Help Text for this field is unavailable.  Please refer to the T24 User Guides for further information.</p></desc></t></menu>
</t24help>
