<?xml version="1.0" encoding="utf-8"?>
<t24help xmlns:xsi="http://www.w3.org/2001/XMLSchema-instance">
    <header>
        <product>AA</product>
        <title>AA.MAPPING.CLASS</title>
        <table>AA.MAPPING.CLASS</table>
    </header>
    <overview>
        <ovdesc>
            <p>This table contains the high-level definition of a class of type MAPPING.CLASS. This is table is maintained by the system, and will be updated when a new definition is created and authorised in AA.CLASS.DEFINITION</p>
        </ovdesc>
    </overview>
    <menu>
        <t>
            <field>DESCRIPTION</field>
            <desc>
                <p>Short description of the class, updated from AA.CLASS.DEFINITION. Used for enrichment when this table is used as vetting table</p>
            </desc>
        </t>
        <t>
            <field>FULL.DESCRIPTION</field>
            <desc>
                <p>Full description of the class, updated from AA.CLASS.DEFINITION</p>
            </desc>
        </t>
        <t>
            <field>TYPE</field>
            <desc>
                <p>This multi-valued field controls attributes that a property of this class may or may not have.</p>
                <p>Valid options are,</p>
                <p>Version Type - Each amendment of the definition in the mapping class is identified by unique version</p>
            </desc>
        </t>
    <t><field>MAPPING.CLASS</field><desc><p>Help Text for this field is unavailable.  Please refer to the T24 User Guides for further information.</p></desc></t><t><field>FULL.DESC</field><desc><p>Help Text for this field is unavailable.  Please refer to the T24 User Guides for further information.</p></desc></t><t><field>K.TYPE</field><desc><p>Help Text for this field is unavailable.  Please refer to the T24 User Guides for further information.</p></desc></t></menu>
</t24help>
