<?xml version="1.0" encoding="utf-8"?>
<t24help xmlns:xsi="http://www.w3.org/2001/XMLSchema-instance">
    <header>
        <product>AA</product>
        <title>AA.PRD.PRF.CONSTRAINT</title>
        <table>AA.PRD.PRF.CONSTRAINT</table>
    </header>
    <overview>
        <ovdesc>
            <p>The constraint property class is used by all the products to restrict backdated activities. Allowed restriction types are  1. INTEREST.PERIOD, 2. STATEMENT.PERIOD, 3. RENEWAL, 4. PERIOD, DATE.</p>
        </ovdesc>
    </overview>
    <menu>
        <t>
            <field>ID.COMP.3</field>
            <desc>
                <p>Contains the Effective Date of this property condition System updated field no input allowed </p>
            </desc>
        </t>
        <t>
            <field>ID.COMP.4</field>
            <desc>
                <p>Reserved for future use System field no input allowed </p>
            </desc>
        </t>
        <t>
            <field>ID.COMP.5</field>
            <desc>
                <p>Reserved for future use System field no input allowed </p>
            </desc>
        </t>
        <t>
            <field>ID.COMP.6</field>
            <desc>
                <p>Reserved for future use System field no input allowed </p>
            </desc>
        </t>
        <t>
            <field>INITIAL.DATE</field>
            <desc>
                <p>Indicates a hard date prior to which backdating would be restricted. This could be used along with relative types like INTEREST.PERIOD, STATEMENT.PERIOD, PERIOD and RENEWAL options. If a date is stated along with the above types, system would first validate the relative dates and compare them against this date and take this date if it is greater than the computed date. The field may be used when the user wants to restrict backdating from a specific date – but still wants to honor the relative options going forward on those arrangements.</p>
                <p/>
                <p>Validation: </p>
                <p/>
                <p>Optional field.</p>
                <p>Should be a Valid date.</p>
                <p>Not allowed with DATE option.</p>
            </desc>
        </t>
        <t>
            <field>K.TYPE</field>
            <desc>
                <p>Not valid data field</p>
            </desc>
        </t>
        <t>
            <field>NEGOTIATED.FLDS</field>
            <desc>
                <p>No input and multi value field that lists the attributes on the arrangement property record that have been fixed and/or negotiated. These are stored when the arrangement level record is committed. When the arrangement level record is next used all items in the NEGOTIATED.FIELDS list will be maintained Once an attribute has been fixed or negotiated it will remain in negotiated field list on all subsequent dated versions of the property.</p>
            </desc>
        </t>
        <t>
            <field>NR.ATTRIBUTE</field>
            <desc>
                <p>Defines which individual attribute (field) has the negotiation rules defined in fields &quot;Nr.Negotiable&quot; through to &quot;Nr.Message&quot;   Must be a valid field name within this property This field is part of a multi value set</p>
            </desc>
        </t>
        <t>
            <field>NR.MESSAGE</field>
            <desc>
                <p>This field indicates whether to raise error or override message when rule is broken Allows only two values ERROR or OVERRIDE ERROR error message is raised OVERRIDE Override message is generated </p>
            </desc>
        </t>
        <t>
            <field>NR.OPTIONS</field>
            <desc>
                <p> Defines named values to indicate if an option applies to the associated NR.ATTRIBUTE. More than one option can be associated with the NR.ATTRIBUTE, with certain restrictions.   Valid Inputs are NEGOTIABLE, NON-NEGOTIABLE, OVERRIDE, FIX-VALUE, MANDATORY as described below: -  NEGOTIABLE The value of NEGOTIABLE will indicate that the associated NR.ATTRIBUTE can be negotiated at the arrangement level.  NON-NEGOTIABLE The value of NON-NEGOTIABLE will indicate that the associated NR.ATTRIBUTE cannot be negotiated at the arrangement level. Both NEGOTIABLE and NON-NEGOTIABLE cannot be defined together  OVERRIDE Specifies if a default override message should be generated if the default attribute is amended at the arrangement level. If OVERRIDE is not specified, no override will be generated.  FIX-VALUE Specified if the field value is to be fixed at the arrangement level. If FIX-VALUE is not specified the field value will vary with the changes to the underlying product condition.  MANDATORY Specifies if the attribute is mandatory for this product condition. Can only be specified where the attribute is not defined as mandatory in the property class.</p>
            </desc>
        </t>
        <t>
            <field>CHANGED.FIELDS</field>
            <desc>
                <p>No input and multi value field lists all fields that have been negotiated for each dated version of the property. For a subsequently dated property, the attributes listed in this field will appear in &quot;Negotiated.Fields&quot; and only newly negotiated fields will appear on &quot;Changed.Fields&quot;</p>
            </desc>
        </t>
        <t>
            <field>NR.RESERVED1</field>
            <desc>
                <p>System Field - Reserved for future use </p>
            </desc>
        </t>
        <t>
            <field>NR.RESERVED2</field>
            <desc>
                <p>System Field - Reserved for future use </p>
            </desc>
        </t>
        <t>
            <field>NR.STD.COMP</field>
            <desc>
                <p>It is possible to define negotiation rules in EB.COMPARISON.TYPE.    Input must be a valid record from EB.STANDARD.COMPARISON</p>
            </desc>
        </t>
        <t>
            <field>NR.TYPE</field>
            <desc>
                <p>Defines the negotiation rule that is linked to the field defined in &quot;Nr.Attribute&quot;. If an attribute has a negotiation rule linked to it (in associated fields NR.TYPE, NR.VALUE and NR.MESSAGE) the attribute must be defined as negotiable. It is possible to define more than one negotiation rule for an attribute   Input must be a valid record from EB.COMPARISON.TYPE This is a multi value set of fields</p>
            </desc>
        </t>
        <t>
            <field>NR.VALUE</field>
            <desc>
                <p>Defines the value that links to the rule in field &quot;Nr.Type&quot;</p>
            </desc>
        </t>
        <t>
            <field>OVERRIDE</field>
            <desc>
                <p>Standard Override field containing override messages generated by amendments to this property </p>
            </desc>
        </t>
        <t>
            <field>OVERRIDE.MESSAGE</field>
            <desc>
                <p>If the option chosen is OVERRIDE on RESULT field, a user defined OVERRIDE message may be stated here. This is only to differentiate one override from other when different options are chosen. If no message is stated, a default generic override message would be used.</p>
                <p>Validation Rules</p>
                <p>Optional field.  If no message is stated, system would use the default override message -  AA-CONSTRAINT.VIOLATED</p>
                <p>Should be a valid entry in OVERRIDE application</p>
                <p/>
            </desc>
        </t>
        <t>
            <field>OWNING.COMPANY</field>
            <desc>
                <p>This field is used to capture the T24 Company(ies) that own the Product Condition record. There is no functionality attached to this field and can be used only for access control through SMS verification.</p>
                <p/>
                <p>The input in this field must be a valid record in company table and should belong to current financial group.</p>
                <p/>
                <p>This is a multi value field. Input in this field is optional.</p>
            </desc>
        </t>
        <t>
            <field>PERIOD</field>
            <desc>
                <p>Indicates the actual period of constraint. The various options of the field are:</p>
                <p>If TYPE is stated as STATEMENT.PERIOD, RENEWAL - no input to this field would be allowed. </p>
                <p>If TYPE is stated as INTEREST.PERIOD -  Allows a numeric value in this field (for example, no backdating prior to 3 interest periods). If nothing is stated, system would not allow any backdating prior to current interest period by default</p>
                <p>If TYPE is stated as PERIOD – A valid IN2PERIOD value should be stated in this field. The field is mandatory with this option</p>
                <p>If TYPE is stated as DATE – A Valid date value should be stated in this field. The field is mandatory with this option</p>
                <p>Cannot be stated if no option is chosen in TYPE field.</p>
                <p>Validation:</p>
                <p>Optional field</p>
                <p>Cannot be stated if TYPE field is not set.</p>
                <p>Valid Numerical value, Period or date allowed based on the TYPE stated</p>
                <p/>
                <p/>
            </desc>
        </t>
        <t>
            <field>PR.APP.METHOD</field>
            <desc>
                <p>This field denotes the application method that needs to be applied to the periodic rule charges. Allowed values are Due - The periodic rule charges are made due Capitalise - The periodic rule charges are capitalised Not inputtable at arrangement level </p>
            </desc>
        </t>
        <t>
            <field>DEFAULT.ATTR.OPTION</field>
            <desc>
                <p>Optional field - Allowed Values are RESETTING and NON-RESETTING.  RESETTING - During any Renewal Activities (for eg : change.product, rollover or reset) the property conditions will be reset from the product.  NON-RESETTING - During any Renewal Activities property conditions will be maintained from the Arrangement level.  Leaving the field blank sets NON-RESETTING as the default option. </p>
            </desc>
        </t>
        <t>
            <field>PR.APP.PERIOD</field>
            <desc>
                <p>This field denotes the application period for the given periodic rule charges. The periodic rule charges will be applied at the end of the period. If the value defined is zero, then the charges are applied immediately. Standard T24 period field. Not inputtable at arrangement level </p>
            </desc>
        </t>
        <t>
            <field>PR.ATTRIBUTE</field>
            <desc>
                <p>Charge can be collected when the periodic rule is broken This field denotes the charge property. The property and its condition is defined the product designer and validated during publishing  Validation Rules: Valid charge property</p>
            </desc>
        </t>
        <t>
            <field>PR.BRK.CHARGE</field>
            <desc>
                <p>Charge can be collected when the periodic rule is broken This field denotes the charge property. The property and its condition is defined the product designer and validated during publishing  Validation Rules: Valid charge property</p>
            </desc>
        </t>
        <t>
            <field>PR.BRK.MSG</field>
            <desc>
                <p>Based on the PR.BRK.RES option selected, this will hold either an OVERRIDE or EB.ERROR id. By default the ids will be picked from the associated EB.COMPARISON.TYPE record. If CAP or FLOOR values are given, then the underlying AA.PERIODIC.ATTRIBUTE.CLASS should have this type defined in it.  Validation Rules Input must be a valid OVERRIDE ID or EB.ERROR ID.</p>
            </desc>
        </t>
        <t>
            <field>PR.BRK.RES</field>
            <desc>
                <p>When a rule is broken what action needs to be taken is defined here. Currently, the various options available are  Error block further processing Override Give an override Information  Record details only CAP the rule value is to be used as a CAP if the rule is broken FLOOR the rule value is to be used as a FLOOR if the rule is broken   Should be one of the above valid options</p>
            </desc>
        </t>
        <t>
            <field>PR.RESERVED.1</field>
            <desc>
                <p>System field . reserved for future use</p>
            </desc>
        </t>
        <t>
            <field>PR.RESERVED.2</field>
            <desc>
                <p>System field . reserved for future use</p>
            </desc>
        </t>
        <t>
            <field>PR.RESERVED.3</field>
            <desc>
                <p>System field . reserved for future use</p>
            </desc>
        </t>
        <t>
            <field>PR.VALUE</field>
            <desc>
                <p>This is the actual rule value, which will be applied on certain attributes of the property classes over a period of time.  Validation Rules: Input must be a valid data type defined in the corresponding AA.PERIODIC.ATTRIBUTE.CLASS record</p>
            </desc>
        </t>
        <t>
            <field>PRODUCT.KEY</field>
            <desc>
                <p>This field represents the key to the product level conditions of a property class This field basically has three components seperated by a hyphen Condition id Currency - if the property class is currency based. By default takes up local currency Effective date - if the property class is dated </p>
            </desc>
        </t>
        <t>
            <field>DEFAULT.NEGOTIABLE</field>
            <desc>
                <p>Defines whether all attributes (fields) can be negotiable or not.  Validation Rules: This field is Mandatory Valid options are YES and NO</p>
            </desc>
        </t>
        <t>
            <field>RESULT</field>
            <desc>
                <p>Indicates the outcome of the restriction.</p>
                <p>The field is mandatory when TYPE field is chosen. Otherwise, could be left blank.</p>
                <p>ERROR – Any violation of constraint would result in a Error and would stop the activity</p>
                <p>OVERRIDE – Any violation of constraint would result in Override and would require approval to proceed with the activity. The override could be converted to an error if need be in OVERRIDE application</p>
                <p/>
            </desc>
        </t>
        <t>
            <field>STMT.NOS</field>
            <desc>
                <p>System field - not used for property conditions </p>
            </desc>
        </t>
        <t>
            <field>SYS.RESERVE1</field>
            <desc>
                <p>System field - reserved for future us</p>
            </desc>
        </t>
        <t>
            <field>SYS.RESERVE2</field>
            <desc>
                <p>System field - reserved for future us</p>
            </desc>
        </t>
        <t>
            <field>SYS.RESERVE3</field>
            <desc>
                <p>System field - reserved for future us</p>
            </desc>
        </t>
        <t>
            <field>SYS.RESERVE4</field>
            <desc>
                <p>System field - reserved for future us</p>
            </desc>
        </t>
        <t>
            <field>SYS.RESERVE5</field>
            <desc>
                <p>System field - reserved for future us</p>
            </desc>
        </t>
        <t>
            <field>SYS.RESERVE6</field>
            <desc>
                <p>System field - reserved for future us</p>
            </desc>
        </t>
        <t>
            <field>SYS.RESERVE7</field>
            <desc>
                <p>System field - reserved for future us</p>
            </desc>
        </t>
        <t>
            <field>TARGET.PRODUCT</field>
            <desc>
                <p>This field denotes the target classic product of the given property class  The already existing T24 products are mapped using AA infrastructure These are called classic products These products are mapped to different property clases</p>
            </desc>
        </t>
        <t>
            <field>DESCRIPTION</field>
            <desc>
                <p>Describes this condition record and is used for enrichment.  This field can be expanded to allow the User to enter the Description of the property condition in various languages. Each expansion of the field will correspond to a new Language as defined in the LANGUAGE table (Ref: GENERAL TABLES), and will indicate to the User the Language in which the Description must be entered.   Up to 35 type A (alphanumeric) characters</p>
            </desc>
        </t>
        <t>
            <field>TYPE</field>
            <desc>
                <p>Indicates the constraint type. The options allowed are:</p>
                <p>INTEREST.PERIOD – Activity would be restricted and governed by the Interest period of the arrangement. For example, to restrict any activity past the billing period, this option may be used.</p>
                <p>STATEMENT.PERIOD – Constraint would be based on when the statement was last generated for this account. When multiple statements are generated(including special ones), the latest statement date them would be taken and any date prior to that would be restricted.</p>
                <p>RENEWAL – When this option is chosen, any activity prior to the last renewal date would be restricted</p>
                <p>PERIOD – User could state a specific period(say 1M, 6M etc) to indicate specific periods before which the activity would be restricted</p>
                <p>DATE – Indicates a date prior to which back dating would be restricted</p>
                <p/>
                <p>Validation Rules</p>
                <p>Non Mandatory field.</p>
                <p>Valid options are INTEREST.PERIOD, STATEMENT.PERIOD, RENEWAL, PERIOD and DATE</p>
            </desc>
        </t>
        <t>
            <field>DETAIL</field>
            <desc>
                <p>Indicates further details to support the TYPE stated in the TYPE field.</p>
                <p>If INTEREST.PERIOD is stated in the TYPE field, Valid Interest property billing consideration needs to be stated here. if the PROPERTY.TYPE is set as "Accrue by Bills" for  Penalty  Interest property, then the interest property should not allowed in DETAIL field. The field is mandatory when TYPE is INTEREST.PERIOD</p>
                <p/>
                <p>Validation Rules</p>
                <p>Optional field</p>
                <p>Mandatory if TYPE is stated as INTEREST.PERIOD</p>
                <p>Not allowed for other TYPE options.</p>
                <p/>
            </desc>
        </t>
        <t>
            <field>ERROR.MESSAGE</field>
            <desc>
                <p>If the option chosen is ERROR on RESULT field, a user defined EB.ERROR may be stated here. This is only to differentiate one error from other when different options are chosen. If no message is stated, a default generic error message would be used.</p>
                <p>Validation Rules</p>
                <p>Optional field. If no message is stated, system would use the default error message -  AA-CONSTRAINT.VIOLATED</p>
                <p>Should be a valid entry in EB.ERROR</p>
            </desc>
        </t>
        <t>
            <field>FULL.DESCRIPTION</field>
            <desc>
                <p>Help Text for this field is unavailable.  Please refer to the T24 User Guides for further information.</p>
            </desc>
        </t>
        <t>
            <field>ID.COMP.1</field>
            <desc>
                <p>Contains the arrangement number, extracted from the first component of the id Not applicable at product level System updated field no input allowed </p>
            </desc>
        </t>
        <t>
            <field>ID.COMP.2</field>
            <desc>
                <p>The action that was triggered on the arrangement property The action is taken from ACTIVITY.CLASS record of the underlying AA.ARRANGEMENT.ACTIVITY request that caused the record to be modified. </p>
            </desc>
        </t>
    <t><field>NR.ATTRIBUTE.RULE</field><desc><p>Help Text for this field is unavailable.  Please refer to the T24 User Guides for further information.</p></desc></t><t><field>NR.VALUE.SOURCE</field><desc><p>Help Text for this field is unavailable.  Please refer to the T24 User Guides for further information.</p></desc></t></menu>
</t24help>
