<?xml version="1.0" encoding="utf-8"?>
<t24help>
    <header>
        <product>AA</product>
        <table>AA.PRODUCT.GROUP</table>
    </header>
    <menu>
        <t>
            <field>DESCRIPTION</field>
            <desc>
                <p>Please provide the description</p>
            </desc>
        </t>
        <t>
            <field>FULL.DESC</field>
            <desc>
                <p>Please provide a detailed description of the defined GROUP</p>
            </desc>
        </t>
        <t>
            <field>PRODUCT.LINE</field>
            <desc>
                <p>Please mention the PRODUCT.LINE for the defined GROUP</p>
            </desc>
        </t>
        <t>
            <field>GROUP.TYPE</field>
            <desc>
                <p>Indicate the GROUP TYPE for the defined group</p>
            </desc>
        </t>
        <t>
            <field>ATTRIBUTE</field>
            <desc>
                <p>Please indicate the classification of GROUPS in this field</p>
            </desc>
        </t>
        <t>
            <field>REBUILD.ACTIVITIES</field>
            <desc>
                <p>Please indicate if the ACTIVITIES for the group are to be rebuilt by the system</p>
            </desc>
        </t>
        <t>
            <field>PROPERTY.CLASS</field>
            <desc>
                <p>Specify the PROPERTY.CLASSES that needs to be included while defining a new product</p>
            </desc>
        </t>
        <t>
            <field>PROPERTY</field>
            <desc>
                <p>Specify the PROPERTIES that needs to be included while defining a new product</p>
            </desc>
        </t>
        <t>
            <field>MANDATORY</field>
            <desc>
                <p>Define whether the specified PROPERTIES are mandatory or not</p>
            </desc>
        </t>
    </menu>
</t24help>
