<?xml version="1.0" encoding="utf-8"?>
<t24help>
<header>
<product>AA</product>
<table>AA.PRD.PRF.AZ.CR.CARD</table>
</header>
<overview>
<ovdesc>

            <p />
            <p>    This property class represents the CR.CARD product for the module AZ in T24. This property class is used for classic products.</p>
        </ovdesc>
<ovimage></ovimage>
</overview>
<menu>
<t>
<field>HIGHEST.RANGE</field>
<desc>
            <p>This field should be read along with the field AMT.PERCENT.</p>
            <p />
            <p>     Input in this field indicates the product is RANGED Revolving type. It is a multi value set. The field Highest Range can take only amount which implies the range. Each drawals is taken and is matched with the range within which it falls. The %age or the amount specified in the range under amt. percent field is applied to arrive at the CC amount.</p>
            <p />
            <p>     REVOLVING.RATIO</p>
            <p>     *10%</p>
            <p />
            <p>     HIGHEST.RANGE</p>
            <p>     100000</p>
            <p />
            <p>     AMT.PERCENT</p>
            <p>     B*100</p>
            <p />
            <p>     HIGHEST.RANGE</p>
            <p>     300000</p>
            <p />
            <p>     AMT.PERCENT</p>
            <p>     *10</p>
            <p />
            <p>     HIGHEST.RANGE</p>
            <p>     500000</p>
            <p />
            <p>     AMT.PERCENT</p>
            <p>     250000</p>
            <p />
            <p />
            <p>     (1) A '*', before the numeric entered in AMT.PERCENT is must or else the system will deem it as amount and will generate CC schedule for only USD10 and not 10% of the outstanding.</p>
            <p />
            <p>     (2) A 'B*100', implies '100% of the balance in the acct'. This is because when the outstanding in a sub acct falls within this range then it is obvious that as per the minimum class an amount of 100000 is payable. However, if the outstanding in the acct is 98573 in that case CC schedule amount will be more than the outstanding that is actually payable if we stick to the concept of 100000 minimum. To obviate this we have introduced the concept 100% of the balance outstanding or 100000.</p>
            <p />
            <p>     (3) The fields Highest Range and Amt. Percent can be multi valued to specify different ranges. Amt. Percent field can be input either with a %age or an amount. A sub acct indicating a draw down is taken and is matched for a range within which it falls and the %age specified in the amt. percent field for that range is applied. If the AMT.PERCENT field contains an amount the system doesn't calculate any %age, but takes the amount as the 'CC' amount.</p>
            <p />
            <p>     For ex:</p>
            <p>     (1) Reference to the table, if the amount of draw down in a sub a/c comes to 250000 then it falls within the range of 300000 hence attracts 10% of the range as the 'CC' amount.</p>
            <p>     (2) Similarly, if the draw down in a sub a/c comes to 500000 then it attracts a flat amount of 250000 instead of any % age since the AMT.PERCENT field contains an amount.</p>
            <p>     (3) If the draw down in a sub a/c comes to 600000, since there is no range within which it falls it automatically attracts the revolving %age for generation of 'CC' schedule amount, which in the present case (refer table) will be 10%.</p>
            <p />
            <p>     VALIDATIONS</p>
            <p>     Input allowed only if the Repayment Type is Ranged Revolving.</p>
            <p>     Allowed only for CREDIT CARD type of products.</p>
            <p />
        </desc>
</t>
<t>
<field>PR.VALUE</field>
<desc>
            <p>This is the actual rule value, which will be applied on certain attributes of the property classes over a period of time.</p>
            <p />
            <p>
                <p>Validation Rules:</p>
            </p>
            <p>Input must be a valid data type defined in the corresponding</p>
            <p>AA.PERIODIC.ATTRIBUTE.CLASS record.</p>
        </desc>
</t>
<t>
<field>PR.BRK.CHARGE</field>
<desc>
            <p>Charge can be collected when the periodic rule is broken</p>
            <p>This field denotes the charge property. The property and its condition is</p>
            <p>defined the product designer and validated during publishing</p>
            <p />
            <p>
                <p>Validation Rules:</p>
            </p>
            <p>Valid charge property</p>
        </desc>
</t>
<t>
<field>PR.ATTRIBUTE</field>
<desc>
            <p>These are set of Attributes which define the names of the rule, which will be applied on certain attributes of property classes over a period of time.</p>
            <p />
            <p>
                <p>Validation Rules:</p>
            </p>
            <p>Input must be a valid record from AA.PERIODIC.ATTRIBUTE</p>
        </desc>
</t>
<t>
<field>NR.TYPE</field>
<desc>
            <p>Defines the negotiation rule that is linked to the field defined in "Nr.Attribute". If an attribute has a negotiation rule linked to it (in associated fields NR.TYPE, NR.VALUE and NR.MESSAGE) the attribute must be defined as negotiable.</p>
            <p>It is possible to define more than one negotiation rule for an attribute</p>
            <p />
            <p>
                <p>Validation Rules:</p>
            </p>
            <p>Input must be a valid record from EB.COMPARISON.TYPE</p>
            <p>This is a multi value set of fields</p>
        </desc>
</t>
<t>
<field>REVOLVING.RATIO</field>
<desc>
            <p>Inputs in this field indicate that the product is a REVOLVING type.</p>
            <p />
            <p>     Input permitted is Numeric, which is applied to the total drawls made by the customer to arrive at the schedule repayment amounts by way of CC schedules.</p>
            <p />
            <p>     The ratio input in this field is defaulted to AZ main A/c. Input made can be altered at any time.</p>
            <p />
            <p>     VALIDATIONS</p>
            <p />
            <p>     Any numeric from 1-100</p>
            <p>     Allowed only for CREDIT CARD type of products.</p>
            <p />
        </desc>
</t>
<t>
<field>ID.COMP.1</field>
<desc>
            <p>Contains the arrangement number, extracted from the first component of the id</p>
            <p>Not applicable at product level</p>
            <p>System updated field no input allowed</p>
            <p />
        </desc>
</t>
<t>
<field>CREATE.PD.EOD</field>
<desc>
            <p>For CREDIT CARD type of products this field indicates if PD has to be created during COB on the schedule dates if the repay account has insufficient funds.</p>
            <p>     If set as 'YES' then PD will be created during COB, else PD will have to created through a online payment beyond the schedule date.</p>
            <p>     This field is valid only for CREDIT CARD type of products.</p>
            <p>     This field is allowed only if PD.LINK.TO.AZ.is set to 'YES'.</p>
            <p>     Allowed values are 'YES', 'NO', ''. 'NO' and '' are considered to be the same.</p>
            <p>     For credit cards, system has to settles first by date wise and then by component wise. Hence related PD.PARAMETER should have REPAYMENT.METHOD as '3' and only the following components are settled by AZ and in the order REPAYMENT.ORDER as A1,TX,A2,PE,PS,IN,PR </p>
            <p />
        </desc>
</t>
<t>
<field>CC.PR.GRACE.PERIOD</field>
<desc>
            <p>For any repayment type if the GENERATION of CC schedules (principal repayment schedule) is to be postponed then this field is used.</p>
            <p />
            <p>     Input permitted in this field is Numeric and it should be read along with the frequency input in the repay date field of card issue application.</p>
            <p />
            <p>     When a card issue frequency is monthly and input made in this field is 3, it means for 3 months the generation of CC schedule is to be postponed, i.e., NO CC schedule is generated.</p>
            <p />
            <p>     If in card issue the frequency is weekly then it is to be interpreted that 'CC' schedules will not be generated for 3 weeks.</p>
            <p />
            <p>     For a Non Redemption type, input in this field is mandatory. This is for the reason that in Non Redemption type CI (interest) schedules are generated regularly and the Principal (CC schedules) repayment is made in one BULLET payment.</p>
            <p />
            <p>     VALIDATIONS</p>
            <p>     Input allowed only if the Repayment Type is a Non redemption</p>
            <p>     Allowed only for CREDIT CARD type of products.</p>
            <p />
        </desc>
</t>
<t>
<field>NR.VALUE</field>
<desc>
            <p>Defines the value that links to the rule in field "Nr.Type"</p>
        </desc>
</t>
<t>
<field>NR.OPTIONS</field>
<desc>
            <p>Defines named values to indicate if an option applies to the associated NR.ATTRIBUTE. More than one option can be associated with the NR.ATTRIBUTE, with certain restrictions.</p>
            <p />
            <p>
                <p>Validation Rules:</p>
            </p>
            <p>Valid Inputs are NEGOTIABLE, NON-NEGOTIABLE, OVERRIDE, FIX-VALUE, MANDATORY as described below: -</p>
            <p />
            <p>NEGOTIABLE</p>
            <p>The value of NEGOTIABLE will indicate that the associated NR.ATTRIBUTE can be negotiated at the arrangement level.</p>
            <p />
            <p>NON-NEGOTIABLE</p>
            <p>The value of NON-NEGOTIABLE will indicate that the associated NR.ATTRIBUTE cannot be negotiated at the arrangement level. Both NEGOTIABLE and NON-NEGOTIABLE cannot be defined together</p>
            <p />
            <p>OVERRIDE</p>
            <p>Specifies if a default override message should be generated if the default attribute is amended at the arrangement level. If OVERRIDE is not specified, no override will be generated.</p>
            <p />
            <p>FIX-VALUE</p>
            <p>Specified if the field value is to be fixed at the arrangement level. If FIX-VALUE is not specified the field value will vary with the changes to the underlying product condition.</p>
            <p />
            <p>MANDATORY</p>
            <p>Specifies if the attribute is mandatory for this product condition. Can only be specified where the attribute is not defined as mandatory in the property class.</p>
        </desc>
</t>
<t>
<field>CHANGED.FIELDS</field>
<desc>
            <p>No input and multi value field - lists all fields that have been negotiated for each dated version of the property. For a subsequently dated property, the attributes listed in this field will appear in "Negotiated.Fields" and only newly negotiated fields will appear on "Changed.Fields"</p>
            <p />
            <p />
        </desc>
</t>
<t>
<field>PD.LNK.MAIN.AZ</field>
<desc>
            <p>For Credit cards, this field signifies if PD should be created for Main master account or for sub account. Value of 'YES' signifies that PD shall be created for Main account. Otherwise PD will be created for sub account.</p>
            <p />
            <p>     Can hold values YES &amp; blank.</p>
            <p />
        </desc>
</t>
<t>
<field>PR.BRK.MSG</field>
<desc>
            <p>Based on the PR.BRK.RES option selected, this will hold either an OVERRIDE or EB.ERROR id. By default the ids will be picked from the associated EB.COMPARISON.TYPE record. If CAP or FLOOR values are given, then the underlying AA.PERIODIC.ATTRIBUTE.CLASS should have this type defined in it.</p>
            <p />
            <p>
                <p>Validation Rules:</p>
            </p>
            <p>Input must be a valid OVERRIDE ID or EB.ERROR ID.</p>
        </desc>
</t>
<t>
<field>PD.LINK.MAIN.AZ</field>
<desc>
            <p>For Credit cards, this field signifies if PD should be created for Main master account or for sub account. Value of 'YES' signifies that PD shall be created for Main account. Otherwise PD will be created for sub account.</p>
            <p />
            <p>     Can hold values YES &amp; blank.</p>
            <p />
        </desc>
</t>
<t>
<field>ID.COMP.4</field>
<desc>
            <p>Reserved for future use</p>
            <p>Not applicable at product level</p>
            <p>System field no input allowed</p>
            <p />
        </desc>
</t>
<t>
<field>PR.APP.METHOD</field>
<desc>
            <p>This field denotes the application method that needs to be applied to the periodic rule charges.</p>
            <p>Allowed values are</p>
            <p>Due - The periodic rule charges are made due</p>
            <p>Capitalise - The periodic rule charges are capitalised</p>
            <p />
        </desc>
</t>
<t>
<field>NR.STD.COMP</field>
<desc>
            <p>It is possible to define negotiation rules in EB.COMPARISON.TYPE.</p>
            <p />
            <p />
            <p>
                <p>Validation Rules:</p>
            </p>
            <p>Input must be a valid record from EB.STANDARD.COMPARISON</p>
        </desc>
</t>
<t>
<field>NEGOTIATED.FLDS</field>
<desc>
            <p>No input and multi value field that lists the attributes on the arrangement property record that have been fixed and/or negotiated. These are stored when the arrangement level record is committed. When the arrangement level record is next used all items in the NEGOTIATED.FIELDS list will be maintained.</p>
            <p>Once an attribute has been fixed or negotiated it will remain in negotiated field list on all subsequent dated versions of the property.</p>
        </desc>
</t>
<t>
<field>STMT.NOS</field>
<desc>
            <p>System field - not used for property conditions</p>
            <p />
        </desc>
</t>
<t>
<field>ID.COMP.6</field>
<desc>
            <p>Reserved for future use</p>
            <p>Not applicable at product level</p>
            <p>System field no input allowed</p>
            <p />
        </desc>
</t>
<t>
<field>ID.COMP.2</field>
<desc>
            <p>The action that was triggered on the arrangement property</p>
            <p>The action is taken from ACTIVITY.CLASS record of the underlying AA.ARRANGEMENT.ACTIVITY request that caused the record to be modified.</p>
            <p />
        </desc>
</t>
<t>
<field>PR.APP.PERIOD</field>
<desc>
            <p>This field denotes the application period for the given periodic rule charges.</p>
            <p>The periodic rule charges will be applied at the end of the period. If the value defined is zero, then the charges are applied immediately.</p>
            <p>Standard T24 period field.</p>
            <p />
        </desc>
</t>
<t>
<field>NR.ATTRIBUTE</field>
<desc>
            <p>Defines which individual attribute (field) has the negotiation rules defined in fields "Nr.Negotiable" through to "Nr.Message"</p>
            <p />
            <p>
                <p>Validation Rules:</p>
            </p>
            <p>Must be a valid field name within this property</p>
            <p>This field is part of a multi value set</p>
        </desc>
</t>
<t>
<field>PRODUCT.KEY</field>
<desc>
            <p>This field represents the key to the product level conditions of a property class</p>
            <p>This field basically has three components seperated by a hyphen</p>
            <p>Condition id</p>
            <p>Currency - if the property class is currency based. By default takes up local currency</p>
            <p>Effective date - if the property class is dated</p>
            <p />
        </desc>
</t>
<t>
<field>PR.BRK.RES</field>
<desc>
            <p>When a rule is broken what action needs to be taken is defined here. Currently, the various options available are </p>
            <p />
            <p>Error block further processing</p>
            <p>Override Give an override</p>
            <p>Information  Record details only</p>
            <p>CAP the rule value is to be used as a CAP if the rule is broken</p>
            <p>FLOOR the rule value is to be used as a FLOOR if the rule is broken</p>
            <p />
            <p>
                <p>Validation Rules:</p>
            </p>
            <p>Should be one of the above valid options</p>
        </desc>
</t>
<t>
<field>ID.COMP.5</field>
<desc>
            <p>Reserved for future use</p>
            <p>Not applicable at product level</p>
            <p>System field no input allowed</p>
            <p />
        </desc>
</t>
<t>
<field>TARGET.PRODUCT</field>
<desc>
            <p>This field denotes the target classic product of the given property class</p>
            <p />
            <p>The already existing T24 products are mapped using AA infrastructure</p>
            <p>These are called classic products</p>
            <p>These products are mapped to different property clases</p>
            <p />
        </desc>
</t>
<t>
<field>DESCRIPTION</field>
<desc>
            <p>Describes this condition record and is used for enrichment.</p>
            <p />
            <p>This field can be expanded to allow the User to enter the Description of the property condition in various languages. Each expansion of the field will correspond to a new Language as defined in the LANGUAGE table (Ref: GENERAL TABLES), and will indicate to the User the Language in which the Description must be entered.</p>
            <p />
            <p>
                <p>Validation Rules:</p>
            </p>
            <p>Up to 35 type A (alphanumeric) characters</p>
            <p />
        </desc>
</t>
<t>
<field>ID.COMP.3</field>
<desc>
            <p>Contains the effective date of the property condition</p>
            <p>Not applicable at product level</p>
            <p>System updated field no input allowed</p>
            <p />
        </desc>
</t>
<t>
<field>DEFAULT.NEGOTIABLE</field>
<desc>
            <p>Defines whether all attributes (fields) can be negotiable or not.</p>
            <p />
            <p>
                <p>Validation Rules:</p>
            </p>
            <p>This field is Mandatory</p>
            <p>Valid options are YES and NO</p>
        </desc>
</t>
<t>
<field>NR.MESSAGE</field>
<desc>
            <p>This field indicates whether to raise error or override message when rule is broken</p>
            <p>Allows only two values ERROR or OVERRIDE</p>
            <p>ERROR error message is raised</p>
            <p>OVERRIDE Override message is generated</p>
            <p />
        </desc>
</t>
<t>
<field>DEFAULT.ATTR.OPTION</field>
<desc>
            <p>Optional field - Allowed Values are RESETTING and NON-RESETTING.</p>
            <p />
            <p> RESETTING - During any Renewal Activities (for eg : change.product, rollover or reset) the property conditions will be reset from the product.</p>
            <p />
            <p> NON-RESETTING - During any Renewal Activities property conditions will be maintained from the Arrangement level.</p>
            <p />
            <p> Leaving the field blank sets NON-RESETTING as the default option.</p>
            <p />
        </desc>
</t>
<t>
<field>MULTI</field>
<desc>
            <p />
            <p>   This field represents whether multiple card types can be defined or not. </p>
            <p />
        </desc>
</t>
<t>
<field>AMT.PERCENT</field>
<desc>
            <p>Refer help text of HIGHEST.RANGE field.</p>
            <p />
        </desc>
</t>
<t>
<field>APPROPRIATE.TYPE</field>
<desc>
            <p>This field decides how a repayment received should be apportioned among the various withdrawals made under a Credit Card account.</p>
            <p />
            <p>      Permitted inputs are (1) Proportionate and (2) FIFO [First in First Out].</p>
            <p />
            <p>      TO ILLUSTRATE: -</p>
            <p />
            <p>      Suppose there are 3 draws through sub a/c</p>
            <p />
            <p>      Withdrawal 1</p>
            <p>      350000</p>
            <p />
            <p>      Withdrawal 2</p>
            <p>      650000</p>
            <p />
            <p>      Withdrawal 3</p>
            <p>      APPROPRIATE.TYPE</p>
            <p>      This field decides how a repayment received should be apportioned among the various withdrawals made under a Credit Card account.</p>
            <p />
            <p>      Permitted inputs are (1) Proportionate and (2) FIFO [First in First Out].</p>
            <p />
            <p>      TO ILLUSTRATE: -</p>
            <p />
            <p>      Suppose there are 3 draws through sub a/c</p>
            <p />
            <p>      Withdrawal 1</p>
            <p>      350000</p>
            <p />
            <p>      Withdrawal 2</p>
            <p>      650000</p>
            <p />
            <p>      Withdrawal 3</p>
            <p>      250000</p>
            <p />
            <p>      TOTAL</p>
            <p>      1250000</p>
            <p />
            <p />
            <p>      Appropriation Type- Proportionate</p>
            <p />
            <p>      If the repayment received, is 125000 the set-off will be 125000*350000/1250000</p>
            <p />
            <p>      Towards Drawl (1) -35000 ----I.e.- 125000*350000/1250000</p>
            <p />
            <p>      Towards Drawl, (2) it is 65000--I.e.- 125000*650000/1250000</p>
            <p />
            <p>      Finally toward drawl (3) 25000--I.e.- 125000*250000/1250000</p>
            <p />
            <p>      Appropriation Type- FIFO</p>
            <p />
            <p>      If on the other hand the repayment received is, say 450000 and type is FIFO then: -</p>
            <p />
            <p>      First withdrawal of 350000 will be fully adjusted and then remaining amount of 100000 will be adjusted towards the O/s of second withdrawal. This way it will continue until the last drawl is met with fully.</p>
            <p />
            <p>      VALIDATIONS:</p>
            <p />
            <p>      Input can be either Proportionate or FIFO.</p>
            <p>      Input is subject to change.</p>
            <p>      Allowed only for CREDIT CARD type of products.</p>
            <p />
            <p />
            <p />
        </desc>
</t>
<t>
<field>CARD.TYPE</field>
<desc>
            <p>Input in this field should be a valid id in CARD.TYPE application.</p>
            <p />
            <p>     When input the APP id will be populated in the attached CARD.TYPE.</p>
            <p />
            <p>     VALIDATIONS</p>
            <p>     Any valid card type id can be input.</p>
            <p>     Input allowed only for CREDIT CARD type of loans.</p>
            <p />
        </desc>
</t>
<t>
<field>CC.AMT.RTN</field>
<desc>
            <p>This field holds a user defined API which calculates and updates the TYPE.CC amount in a CREDIT-CARD type AZ loan account created under this product. If exists, this API will be executed to calculate and update TYPE.CC amount field in AZ.SCHEDULES for both AZ sub account and AZ main account.</p>
            <p />
            <p>     Validation rules:</p>
            <p>     A valid key from EB.API file</p>
            <p />
            <p>     Input allowed only with repayment type as CREDIT-CARD</p>
            <p />
        </desc>
</t>
<t>
<field>OWNING.COMPANY</field>
<desc>
            <p>This field is used to capture the T24 Company(ies) that own the Product Condition record. There is no functionality attached to this field and can be used only for access control through SMS verification.</p>
            <p/> 
            <p>The input in this field must be a valid record in company table and should belong to current financial group.</p>
            <p/> 
            <p>This is a multi value field. Input in this field is optional.</p>
        </desc>
</t> 
<t><field>FULL.DESCRIPTION</field><desc><p>Help Text for this field is unavailable.  Please refer to the T24 User Guides for further information.</p></desc></t><t><field>NR.ATTRIBUTE.RULE</field><desc><p>Help Text for this field is unavailable.  Please refer to the T24 User Guides for further information.</p></desc></t><t><field>NR.VALUE.SOURCE</field><desc><p>Help Text for this field is unavailable.  Please refer to the T24 User Guides for further information.</p></desc></t></menu>
</t24help>

