<?xml version="1.0" encoding="utf-8"?>
<t24help>
    <header>
        <product>AA</product>
        <table>AA.PRD.DES.PRODUCT.BUNDLE</table>
    </header>
    <menu>
        <t>
            <field>DESCRIPTION</field>
            <desc>
                <p>Please provide description for the current record</p>
            </desc>
        </t>
        <t>
            <field>PRODUCT.GROUP</field>
            <desc>
                <p>Indicate the list of product groups that form part of this bundle product.</p>
            </desc>
        </t>
        <t>
            <field>PRODUCT</field>
            <desc>
                <p>Specify the participating arrangements at their PRODUCT level</p>
            </desc>
        </t>
        <t>
            <field>MANDATORY</field>
            <desc>
                <p>Indicate whether the product is mandatory for the bundle to operate</p>
            </desc>
        </t>
        <t>
            <field>ARRANGEMENT</field>
            <desc>
                <p>Specify the arrangement</p>
            </desc>
        </t>
        <t>
            <field>MASTER.TYPE</field>
            <desc>
                <p>Indicate the INTEREST.COMPENSATION property which is linked to this bundle. </p>
            </desc>
        </t>
        <t>
            <field>DEFAULT.NEGOTIABLE</field>
            <desc>
                <p>Indicate if all fields are negotiable.</p>
            </desc>
        </t>
        <t>
            <field>DEFAULT.ATTR.OPTION</field>
            <desc>
                <p>Define if the renewal conditions are to be reset from the product or not.</p>
            </desc>
        </t>
        <t>
            <field>NR.ATTRIBUTE</field>
            <desc>
                <p>Mention the attributes which have the defined negotiation rules set</p>
            </desc>
        </t>
        <t>
            <field>NR.OPTIONS</field>
            <desc>
                <p>Indicate a value applicable to the associated NR.ATTRIBUTE</p>
            </desc>
        </t>
        <t>
            <field>NR.TYPE</field>
            <desc>
                <p>Define the negotiation rule that needs to be linked to the field defined in NR.ATTRIBUTE</p>
            </desc>
        </t>
        <t>
            <field>NR.VALUE</field>
            <desc>
                <p>Define the value that links to the rule in field NR.RULE</p>
            </desc>
        </t>
        <t>
            <field>NR.MESSAGE</field>
            <desc>
                <p>Indicate whether to raise an ERROR message or an OVERRIDE message when the rule is broken</p>
            </desc>
        </t>
    </menu>
</t24help>
