<?xml version="1.0" encoding="utf-8"?>
<t24help>
<header>
<product>AA</product>
<table>AA.PROCESS.DETAILS</table>
</header>
<overview>
<ovdesc>

        </ovdesc>
<ovimage></ovimage>
</overview>
<menu>
<t>
<field>AAA.REFERENCE</field>
<desc>
            <p>Valid id of AAA Record.</p>
        </desc>
</t>
<t>
<field>PROCESS.DETAILS</field>
<desc>
            <p>The field would hold the list of all applications and Actions that were processed as part of this activity. The field would also store the Versions and IDs along with the actions. The format for storing is:</p>
            <p> APP,VERSION &lt;SPACE&gt; FUNCTION &lt;SPACE&gt; ID &lt;SPACE&gt; ACTION.</p>
            <p />
        </desc>
</t>
<t>
<field>PROPERTY</field>
<desc>
            <p>Based on PROCESS.DETAILS field system will update the PROPERTY field, system will take the property value from the ID.</p>
        </desc>
</t>
</menu>
</t24help>

