<?xml version="1.0" encoding="utf-8"?>
<t24help>
    <header>
        <product>AA</product>
        <table>AA.PAYMENT.RULE.TYPE</table>
    </header>
    <menu>
        <t>
            <field>DESCRIPTION</field>
            <desc>
                <p>Please provide a description for the RULE TYPE</p>
            </desc>
        </t>
        <t>
            <field>PAYMENT.RULE.TYPE</field>
            <desc>
                <p>Specify how the payment rules will apply to an arrangement</p>
            </desc>
        </t>
        <t>
            <field>CALC.ROUTINE</field>
            <desc>
                <p>A local API may be attached to indicate how much should be settled to the UNC balance.</p>
            </desc>
        </t>
        <t>
            <field>PAYMENT.METHOD</field>
            <desc>
                <p>Indicate if the Payment is Due from the Customer or is it Payable to the customer.</p>
            </desc>
        </t>
        <t>
            <field>BILL.TYPE</field>
            <desc>
                <p>Please specify the BILL.TYPE from EB.LOOKUP table</p>
            </desc>
        </t>
    </menu>
</t24help>
