<?xml version="1.0" encoding="utf-8"?>
<t24help>
    <header>
        <product>AA</product>
        <table>AA.PRD.DES.CLOSURE</table>
    </header>
    <menu>
        <t>
            <field>DESCRIPTION</field>
            <desc>
                <p>Please provide the description for the current record</p>
            </desc>
        </t>
        <t>
            <field>CLOSURE.TYPE</field>
            <desc>
                <p>Specify if the closure activity needs to be triggered</p>
            </desc>
        </t>
        <t>
            <field>CLOSURE.PERIOD</field>
            <desc>
                <p>Specify the period after which closure activity needs to be scheduled once the arrangement account is identified for closure</p>
            </desc>
        </t>
        <t>
            <field>CLOSURE.METHOD</field>
            <desc>
                <p>Define whether the arrangement account would get closed automatically or would be closed manually.</p>
            </desc>
        </t>
        <t>
            <field>POSTING.RESTRICT</field>
            <desc>
                <p>Specify the account closure posting restriction code (defined in POSTING.RESTRICT)</p>
            </desc>
        </t>
        <t>
            <field>CLOSURE.ACTIVITY</field>
            <desc>
                <p>Helptext not available</p>
            </desc>
        </t>
        <t>
            <field>PR.ATTRIBUTE</field>
            <desc>
                <p>Mention the set of Attributes which define the names of the rule</p>
            </desc>
        </t>
        <t>
            <field>PR.VALUE</field>
            <desc>
                <p>Please enter a value from the AA.PERIODIC.ATTRIBUTE.CLASS which will be applied on certain attributes of the property classes over a period of time.</p>
            </desc>
        </t>
        <t>
            <field>PR.BRK.RES</field>
            <desc>
                <p>Define the action to be applied when a rule is broken</p>
            </desc>
        </t>
        <t>
            <field>PR.BRK.CHARGE</field>
            <desc>
                <p>Define the charge which needs to be applied when a rule is broken</p>
            </desc>
        </t>
        <t>
            <field>PR.APP.METHOD</field>
            <desc>
                <p>Define the application period for current application method</p>
            </desc>
        </t>
        <t>
            <field>PR.APP.PERIOD</field>
            <desc>
                <p>Define the application method to be taken while applying periodic rule charges</p>
            </desc>
        </t>
        <t>
            <field>DEFAULT.NEGOTIABLE</field>
            <desc>
                <p>Indicate if all fields are negotiable.</p>
            </desc>
        </t>
        <t>
            <field>DEFAULT.ATTR.OPTION</field>
            <desc>
                <p>Define if the renewal conditions are to be reset from the product or not.</p>
            </desc>
        </t>
        <t>
            <field>NR.ATTRIBUTE</field>
            <desc>
                <p>Mention the attributes which have the defined negotiation rules set</p>
            </desc>
        </t>
        <t>
            <field>NR.OPTIONS</field>
            <desc>
                <p>Indicate a value applicable to the associated NR.ATTRIBUTE</p>
            </desc>
        </t>
        <t>
            <field>NR.TYPE</field>
            <desc>
                <p>Define the negotiation rule that needs to be linked to the field defined in NR.ATTRIBUTE</p>
            </desc>
        </t>
        <t>
            <field>NR.VALUE</field>
            <desc>
                <p>Define the value that links to the rule in field NR.RULE</p>
            </desc>
        </t>
        <t>
            <field>NR.MESSAGE</field>
            <desc>
                <p>Indicate whether to raise an ERROR message or an OVERRIDE message when the rule is broken</p>
            </desc>
        </t>
    </menu>
</t24help>
