<?xml version="1.0" encoding="utf-8"?>
<t24help xmlns:xsi="http://www.w3.org/2001/XMLSchema-instance">
    <header>
        <product>AA</product>
        <title>AA.PRD.DES.PRODUCT.COMMISSION</title>
        <table>AA.PRD.DES.PRODUCT.COMMISSION</table>
    </header>
    <overview>
        <ovdesc>
            <p>A PRODUCT.COMMISSION Property Class  will allow users to configure </p>
            <p>• Financial product line / product Group / Products those are eligible for commission calculation. </p>
            <p>• To define if commission has to be paid immediately or is scheduled.</p>
            <p>• To specify if clawback of commission has to be done</p>
            <p/>
        </ovdesc>
    </overview>
    <menu>
        <t>
            <field>ID.COMP.4</field>
            <desc>
                <p>Reserved for future use System field no input allowed</p>
            </desc>
        </t>
        <t>
            <field>ID.COMP.5</field>
            <desc>
                <p>Reserved for future use System field no input allowed</p>
            </desc>
        </t>
        <t>
            <field>ID.COMP.6</field>
            <desc>
                <p>Reserved for future use System field no input allowed</p>
            </desc>
        </t>
        <t>
            <field>LINKED.PROPERTY</field>
            <desc>
                <p>Indicates the interest property based on which the scheduled commission is calculated. Should be an interest property on AA.PROPERTY</p>
                <p/>
            </desc>
        </t>
        <t>
            <field>NEGOTIATED.FLDS</field>
            <desc>
                <p>No input and multi value field that lists the attributes on the arrangement property record that have been fixed and/or negotiated. These are stored when the arrangement level record is committed. When the arrangement level record is next used all items in the NEGOTIATED.FIELDS list will be maintained Once an attribute has been fixed or negotiated it will remain in negotiated field list on all subsequent dated versions of the property.</p>
            </desc>
        </t>
        <t>
            <field>NR.ATTRIBUTE</field>
            <desc>
                <p>Defines which individual attribute (field) has the negotiation rules defined in fields &quot;Nr.Negotiable&quot; through to &quot;Nr.Message&quot;   Must be a valid field name within this property This field is part of a multi value set</p>
            </desc>
        </t>
        <t>
            <field>NR.MESSAGE</field>
            <desc>
                <p>This field indicates whether to raise error or override message when rule is broken Allows only two values ERROR or OVERRIDE ERROR error message is raised OVERRIDE Override message is generated</p>
            </desc>
        </t>
        <t>
            <field>NR.OPTIONS</field>
            <desc>
                <p>Defines named values to indicate if an option applies to the associated NR.ATTRIBUTE. More than one option can be associated with the NR.ATTRIBUTE, with certain restrictions.   Valid Inputs are NEGOTIABLE, NON-NEGOTIABLE, OVERRIDE, FIX-VALUE, MANDATORY as described below: -  NEGOTIABLE The value of NEGOTIABLE will indicate that the associated NR.ATTRIBUTE can be negotiated at the arrangement level.  NON-NEGOTIABLE The value of NON-NEGOTIABLE will indicate that the associated NR.ATTRIBUTE cannot be negotiated at the arrangement level. Both NEGOTIABLE and NON-NEGOTIABLE cannot be defined together  OVERRIDE Specifies if a default override message should be generated if the default attribute is amended at the arrangement level. If OVERRIDE is not specified, no override will be generated.  FIX-VALUE Specified if the field value is to be fixed at the arrangement level. If FIX-VALUE is not specified the field value will vary with the changes to the underlying product condition.  MANDATORY Specifies if the attribute is mandatory for this product condition. Can only be specified where the attribute is not defined as mandatory in the property class.</p>
            </desc>
        </t>
        <t>
            <field>NR.RESERVED1</field>
            <desc>
                <p>System Field - Reserved for future use</p>
            </desc>
        </t>
        <t>
            <field>NR.RESERVED2</field>
            <desc>
                <p>System Field - Reserved for future use</p>
            </desc>
        </t>
        <t>
            <field>AMORT.END</field>
            <desc>
                <p>This field indicates if commission amortization has to be stopped when the financial activity takes place. Allowed  value  is Yes &amp; is mutually exclusive with ONLINE.CHARGE.</p>
                <p/>
            </desc>
        </t>
        <t>
            <field>NR.STD.COMP</field>
            <desc>
                <p>It is possible to define negotiation rules in EB.COMPARISON.TYPE.    Input must be a valid record from EB.STANDARD.COMPARISON</p>
            </desc>
        </t>
        <t>
            <field>NR.TYPE</field>
            <desc>
                <p>Defines the negotiation rule that is linked to the field defined in &quot;Nr.Attribute&quot;. If an attribute has a negotiation rule linked to it (in associated fields NR.TYPE, NR.VALUE and NR.MESSAGE) the attribute must be defined as negotiable. It is possible to define more than one negotiation rule for an attribute   Input must be a valid record from EB.COMPARISON.TYPE This is a multi value set of fields</p>
            </desc>
        </t>
        <t>
            <field>NR.VALUE</field>
            <desc>
                <p>Defines the value that links to the rule in field &quot;Nr.Type&quot;</p>
            </desc>
        </t>
        <t>
            <field>ONLINE.ACT</field>
            <desc>
                <p>The activity on the financial arrangement that should initiate commission processing. Should be a record in AA.ACTIVITY</p>
                <p/>
            </desc>
        </t>
        <t>
            <field>ONLINE.CHG</field>
            <desc>
                <p>The commission that gets paid to the agent when the financial activity takes place. Should be a charge property with type commission on AA.PROPERTY</p>
                <p/>
            </desc>
        </t>
        <t>
            <field>OVERRIDE</field>
            <desc>
                <p>Standard Override field containing override messages generated by amendments to this property</p>
            </desc>
        </t>
        <t>
            <field>OWNING.COMPANY</field>
            <desc>
                <p>This field is used to capture the T24 Company(ies) that own the Product Condition record. There is no functionality attached to this field and can be used only for access control through SMS verification.</p>
                <p/>
                <p>The input in this field must be a valid record in company table and should belong to current financial group.</p>
                <p/>
                <p>This is a multi value field. Input in this field is optional.</p>
            </desc>
        </t>
        <t>
            <field>PR.APP.METHOD</field>
            <desc>
                <p>This field denotes the application method that needs to be applied to the periodic rule charges. Allowed values are Due - The periodic rule charges are made due Capitalise - The periodic rule charges are capitalised Not inputtable at arrangement level</p>
            </desc>
        </t>
        <t>
            <field>PR.APP.PERIOD</field>
            <desc>
                <p>This field denotes the application period for the given periodic rule charges. The periodic rule charges will be applied at the end of the period. If the value defined is zero, then the charges are applied immediately. Standard T24 period field. Not inputtable at arrangement level</p>
            </desc>
        </t>
        <t>
            <field>PR.ATTRIBUTE</field>
            <desc>
                <p>These are set of Attributes which define the names of the rule, which will be applied on certain attributes of property classes over a period of time  Validation Rules: Input must be a valid record from AA.PERIODIC.ATTRIBUTE</p>
            </desc>
        </t>
        <t>
            <field>CHANGED.FIELDS</field>
            <desc>
                <p>No input and multi value field lists all fields that have been negotiated for each dated version of the property. For a subsequently dated property, the attributes listed in this field will appear in &quot;Negotiated.Fields&quot; and only newly negotiated fields will appear on &quot;Changed.Fields&quot;  </p>
            </desc>
        </t>
        <t>
            <field>PR.BRK.CHARGE</field>
            <desc>
                <p>Charge can be collected when the periodic rule is broken This field denotes the charge property. The property and its condition is defined the product designer and validated during publishing  Validation Rules: Valid charge property</p>
            </desc>
        </t>
        <t>
            <field>PR.BRK.MSG</field>
            <desc>
                <p>Based on the PR.BRK.RES option selected, this will hold either an OVERRIDE or EB.ERROR id. By default the ids will be picked from the associated EB.COMPARISON.TYPE record. If CAP or FLOOR values are given, then the underlying AA.PERIODIC.ATTRIBUTE.CLASS should have this type defined in it.  Validation Rules Input must be a valid OVERRIDE ID or EB.ERROR ID.</p>
            </desc>
        </t>
        <t>
            <field>PR.BRK.RES</field>
            <desc>
                <p>When a rule is broken what action needs to be taken is defined here. Currently, the various options available are  Error block further processing Override Give an override Information  Record details only CAP the rule value is to be used as a CAP if the rule is broken FLOOR the rule value is to be used as a FLOOR if the rule is broken   Should be one of the above valid options</p>
            </desc>
        </t>
        <t>
            <field>PR.RESERVED.1</field>
            <desc>
                <p>System field . reserved for future use</p>
            </desc>
        </t>
        <t>
            <field>PR.RESERVED.2</field>
            <desc>
                <p>System field . reserved for future use</p>
            </desc>
        </t>
        <t>
            <field>PR.RESERVED.3</field>
            <desc>
                <p>System field . reserved for future use</p>
            </desc>
        </t>
        <t>
            <field>PR.VALUE</field>
            <desc>
                <p>This is the actual rule value, which will be applied on certain attributes of the property classes over a period of time.  Validation Rules: Input must be a valid data type defined in the corresponding AA.PERIODIC.ATTRIBUTE.CLASS record.</p>
            </desc>
        </t>
        <t>
            <field>PRODUCT</field>
            <desc>
                <p>When online commission conditions are defined at product group level. This will allow a record from AA.PRODUCT</p>
                <p/>
            </desc>
        </t>
        <t>
            <field>PRODUCT.GROUP</field>
            <desc>
                <p>When online commission conditions are defined at product group level. This will allow a record from AA.PRODUCT.GROUP</p>
                <p/>
            </desc>
        </t>
        <t>
            <field>PRODUCT.KEY</field>
            <desc>
                <p>This field represents the key to the product level conditions of a property class This field basically has three components seperated by a hyphen Condition id Currency - if the property class is currency based. By default takes up local currency Effective date - if the property class is dated</p>
            </desc>
        </t>
        <t>
            <field>DEFAULT.ATTR.OPTION</field>
            <desc>
                <p>Optional field - Allowed Values are RESETTING and NON-RESETTING.  RESETTING - During any Renewal Activities (for eg : change.product, rollover or reset) the property conditions will be reset from the product.  NON-RESETTING - During any Renewal Activities property conditions will be maintained from the Arrangement level.  Leaving the field blank sets NON-RESETTING as the default option.</p>
            </desc>
        </t>
        <t>
            <field>PRODUCT.LINE</field>
            <desc>
                <p>When online commission conditions are defined at product line level. This will allow a record from AA.PRODUCT.LINE</p>
                <p/>
            </desc>
        </t>
        <t>
            <field>SCHD.PRODUCT</field>
            <desc>
                <p>When scheduled commission conditions are defined at product group level. This will allow a record from AA.PRODUCT</p>
                <p/>
            </desc>
        </t>
        <t>
            <field>SCHD.PRODUCT.GROUP</field>
            <desc>
                <p>When scheduled commission conditions are defined at product group level. This will allow a record from AA.PRODUCT.GROUP</p>
                <p/>
            </desc>
        </t>
        <t>
            <field>SCHD.PRODUCT.LINE</field>
            <desc>
                <p>When scheduled commission conditions are defined at product line level. This will allow a record from AA.PRODUCT.LINE</p>
                <p/>
            </desc>
        </t>
        <t>
            <field>SCHEDULE.CHARGE</field>
            <desc>
                <p>The commission that gets paid to the agent on the defined schedule. Should be a charge property with type commission on AA.PROPERTY</p>
                <p/>
            </desc>
        </t>
        <t>
            <field>SCHEDULE.FREQUENCY</field>
            <desc>
                <p>TO define the actual frequency on which commission gets paid.</p>
                <p/>
            </desc>
        </t>
        <t>
            <field>SCHEDULE.NAME</field>
            <desc>
                <p>Defines the frequency name of the scheduled commission. Should be defined in the virtual file table  AA.AGENT.COMMISSION.FREQUENCY</p>
                <p/>
            </desc>
        </t>
        <t>
            <field>STMT.NOS</field>
            <desc>
                <p>System field - not used for property conditions</p>
            </desc>
        </t>
        <t>
            <field>SYS.RESERVE1</field>
            <desc>
                <p>System field - reserved for future use</p>
            </desc>
        </t>
        <t>
            <field>SYS.RESERVE2</field>
            <desc>
                <p>System field - reserved for future use</p>
            </desc>
        </t>
        <t>
            <field>DEFAULT.NEGOTIABLE</field>
            <desc>
                <p>Defines whether all attributes (fields) can be negotiable or not.  Validation Rules: This field is Mandatory Valid options are YES and NO</p>
            </desc>
        </t>
        <t>
            <field>SYS.RESERVE3</field>
            <desc>
                <p>System field - reserved for future use</p>
            </desc>
        </t>
        <t>
            <field>SYS.RESERVE4</field>
            <desc>
                <p>System field - reserved for future use</p>
            </desc>
        </t>
        <t>
            <field>SYS.RESERVE5</field>
            <desc>
                <p>System field - reserved for future use</p>
            </desc>
        </t>
        <t>
            <field>SYS.RESERVE6</field>
            <desc>
                <p>System field - reserved for future use</p>
            </desc>
        </t>
        <t>
            <field>SYS.RESERVE7</field>
            <desc>
                <p>System field - reserved for future use</p>
            </desc>
        </t>
        <t>
            <field>TARGET.PRODUCT</field>
            <desc>
                <p>This field denotes the target classic product of the given property class  The already existing T24 products are mapped using AA infrastructure These are called classic products These products are mapped to different property clases</p>
            </desc>
        </t>
        <t>
            <field>DESCRIPTION</field>
            <desc>
                <p>Describes this condition record and is used for enrichment.  This field can be expanded to allow the User to enter the Description of the property condition in various languages. Each expansion of the field will correspond to a new Language as defined in the LANGUAGE table (Ref: GENERAL TABLES), and will indicate to the User the Language in which the Description must be entered.   Up to 35 type A (alphanumeric) characters</p>
            </desc>
        </t>
        <t>
            <field>FULL.DESCRIPTION</field>
            <desc>
                <p>Help Text for this field is unavailable.  Please refer to the T24 User Guides for further information.</p>
            </desc>
        </t>
        <t>
            <field>ID.COMP.1</field>
            <desc>
                <p>Contains the arrangement number, extracted from the first component of the id Not applicable at product level System updated field no input allowed</p>
            </desc>
        </t>
        <t>
            <field>ID.COMP.2</field>
            <desc>
                <p>The action that was triggered on the arrangement property The action is taken from ACTIVITY.CLASS record of the underlying AA.ARRANGEMENT.ACTIVITY request that caused the record to be modified.</p>
            </desc>
        </t>
        <t>
            <field>ID.COMP.3</field>
            <desc>
                <p>Contains the Effective Date of this property condition System updated field no input allowed</p>
            </desc>
        </t>
    <t><field>DRAWBACK.TYPE</field><desc><p>Help Text for this field is unavailable.  Please refer to the T24 User Guides for further information.</p></desc></t><t><field>DEFER.DAYS</field><desc><p>Help Text for this field is unavailable.  Please refer to the T24 User Guides for further information.</p></desc></t><t><field>ONLINE.COMMISSION.TYPE</field><desc><p>Help Text for this field is unavailable.  Please refer to the T24 User Guides for further information.</p></desc></t><t><field>SCHEDULE.COMMISSION.TYPE</field><desc><p>Help Text for this field is unavailable.  Please refer to the T24 User Guides for further information.</p></desc></t><t><field>NR.ATTRIBUTE.RULE</field><desc><p>Help Text for this field is unavailable.  Please refer to the T24 User Guides for further information.</p></desc></t><t><field>NR.VALUE.SOURCE</field><desc><p>Help Text for this field is unavailable.  Please refer to the T24 User Guides for further information.</p></desc></t><t><field>BASE.DATE.TYPE</field><desc><p>Help Text for this field is unavailable.  Please refer to the T24 User Guides for further information.</p></desc></t></menu>
</t24help>
