﻿<?xml version="1.0" encoding="utf-8"?>
<t24help xmlns:xsi="http://www.w3.org/2001/XMLSchema-instance">
    <header>
        <product>AA</product>
        <table>AA.PRD.DES.PRICING.RULES</table>
    </header>
    <menu>
        <t>
            <field>ID.COMP.6</field>
            <desc>
                <p>Reserved for future use</p>
                <p>Not applicable at product level</p>
                <p>System field no input allowed</p>
            </desc>
        </t>
        <t>
            <field>NEGOTIATED.FLDS</field>
            <desc>
                <p>No input and multi value field that lists the attributes on the arrangement property record that have been fixed and/or negotiated. These are stored when the arrangement level record is committed. When the arrangement level record is next used all items in the NEGOTIATED.FIELDS list will be maintained.</p>
                <p>Once an attribute has been fixed or negotiated it will remain in negotiated field list on all subsequent dated versions of the property.</p>
            </desc>
        </t>
        <t>
            <field>NR.ATTRIBUTE</field>
            <desc>
                <p>Defines which individual attribute (field) has the negotiation rules defined in fields &quot;Nr.Negotiable&quot; through to &quot;Nr.Message&quot;</p>
                <p>Validation Rules:</p>
                <p>Must be a valid field name within this property</p>
                <p>This field is part of a multi value set</p>
            </desc>
        </t>
        <t>
            <field>NR.MESSAGE</field>
            <desc>
                <p>This field indicates whether to raise error or override message when rule is broken</p>
                <p>Allows only two values ERROR or OVERRIDE</p>
                <p>ERROR error message is raised</p>
                <p>OVERRIDE Override message is generated</p>
            </desc>
        </t>
        <t>
            <field>NR.OPTIONS</field>
            <desc>
                <p>Defines named values to indicate if an option applies to the associated NR.ATTRIBUTE. More than one option can be associated with the NR.ATTRIBUTE, with certain restrictions.</p>
                <p>Validation Rules:</p>
                <p>Valid Inputs are NEGOTIABLE, NON-NEGOTIABLE, OVERRIDE, FIX-VALUE, MANDATORY as described below: -</p>
                <p>NEGOTIABLE</p>
                <p>The value of NEGOTIABLE will indicate that the associated NR.ATTRIBUTE can be negotiated at the arrangement level.</p>
                <p>NON-NEGOTIABLE</p>
                <p>The value of NON-NEGOTIABLE will indicate that the associated NR.ATTRIBUTE cannot be negotiated at the arrangement level. Both NEGOTIABLE and NON-NEGOTIABLE cannot be defined together</p>
                <p>OVERRIDE</p>
                <p>Specifies if a default override message should be generated if the default attribute is amended at the arrangement level. If OVERRIDE is not specified, no override will be generated.</p>
                <p>FIX-VALUE</p>
                <p>Specified if the field value is to be fixed at the arrangement level. If FIX-VALUE is not specified the field value will vary with the changes to the underlying product condition.</p>
                <p>MANDATORY</p>
                <p>Specifies if the attribute is mandatory for this product condition. Can only be specified where the attribute is not defined as mandatory in the property class.</p>
            </desc>
        </t>
        <t>
            <field>NR.STD.COMP</field>
            <desc>
                <p>It is possible to define negotiation rules in EB.COMPARISON.TYPE.</p>
                <p>Validation Rules:</p>
                <p>Input must be a valid record from EB.STANDARD.COMPARISON</p>
            </desc>
        </t>
        <t>
            <field>NR.TYPE</field>
            <desc>
                <p>Defines the negotiation rule that is linked to the field defined in &quot;Nr.Attribute&quot;. If an attribute has a negotiation rule linked to it (in associated fields NR.TYPE, NR.VALUE and NR.MESSAGE) the attribute must be defined as negotiable.</p>
                <p>It is possible to define more than one negotiation rule for an attribute</p>
                <p>Validation Rules:</p>
                <p>Input must be a valid record from EB.COMPARISON.TYPE</p>
                <p>This is a multi value set of fields</p>
            </desc>
        </t>
        <t>
            <field>NR.VALUE</field>
            <desc>
                <p>Defines the value that links to the rule in field &quot;Nr.Type&quot;</p>
            </desc>
        </t>
        <t>
            <field>PLAN.RESET.FREQ</field>
            <desc>
                <p>Frequency on which to reset the plan to apply on to the financial arrangement from the customer’s current relationship plans.</p>
                <p>(Optional and Only Valid if method is "Automatic")</p>
                <p>This provides the option for the customer to periodically check that the client is still on the best plan taking into account any changes that may have been made to any of the plans for which the client is eligible.  This review will be done as a batch process.</p>
            </desc>
        </t>
        <t>
            <field>PLAN.RESET.FREQUENCY</field>
            <desc>
                <p>Frequency on which to reset the plan to apply on to the financial arrangement from the customer’s current relationship plans.</p>
                <p>(Optional and Only Valid if method is "Automatic")</p>
                <p>This provides the option for the customer to periodically check that the client is still on the best plan taking into account any changes that may have been made to any of the plans for which the client is eligible.  This review will be done as a batch process.</p>
            </desc>
        </t>
        <t>
            <field>CHANGED.FIELDS</field>
            <desc>
                <p>No input and multi value field - lists all fields that have been negotiated for each dated version of the property. For a subsequently dated property, the attributes listed in this field will appear in &quot;Negotiated.Fields&quot; and only newly negotiated fields will appear on &quot;Changed.Fields&quot;</p>
            </desc>
        </t>
        <t>
            <field>PLAN.RESET.ON.ACT</field>
            <desc>
                <p>Activity to trigger a reset of the pricing plan.</p>
                <p>(Optional and Only Valid if method is "Automatic")</p>
            </desc>
        </t>
        <t>
            <field>PLAN.SELECT.METHOD</field>
            <desc>
                <p>Method used to select a Relationship Pricing arrangement to assign a financial arrangement.</p>
                <p>Automatic – The rules in this property will determine the pricing plan to apply.  </p>
                <p>Automatic or Manual – Same as automatic, but it allows a user to manually override this by assigning a plan manually.  Please note than in case a manually assigned plan is no longer available during a plan reset, the arrangement will go back to automatically choosing a plan.</p>
                <p>None – No plan will be selected and none can be entered manually.  Relationship pricing will not apply to the arrangement.</p>
                <p>(Mandatory)</p>
                <p/>
            </desc>
        </t>
        <t>
            <field>PLAN.SELECT.PROPERTY</field>
            <desc>
                <p>If "Best" is specified as the type, this specifies which arrangement interest property (e.g. DEPOSITINT) will be compared across eligible arrangements to determine which plan to select (i.e. which is best) following the following rules:</p>
                <p>Credit Interest – biggest increase</p>
                <p>Debit Interest – biggest rate decrease</p>
                <p/>
                <p>This is currently restricted to interest properties.</p>
                <p>Additionally, if two or more plans are "equal" then the system will automatically choose the more recent of the pricing arrangements.</p>
        <p>
            <p value="1">Should be a valid AA.PROPERTY belonging to INTEREST class.</p>
            <p value="2">It is an input-field only if the PLAN.SELECT.TYPE is BEST</p>
            <p value="3">Mandatory if the PLAN.SELECT.TYPE is BEST</p>
        </p>

            </desc>
        </t>
        <t>
            <field>PLAN.SELECT.TYPE</field>
            <desc>
                <p>If "Automatic" is specified as the method, this field denotes the type of automatic selection that will be done.</p>
                <p>Best – will use the best plan based on a single interest property.  Please note that in case that there is more than one pricing arrangement with an identical “best" benefit, the system will choose the one which was established most recently.</p>
            </desc>
        </t>
        <t>
            <field>PR.APP.METHOD</field>
            <desc>
                <p>This field denotes the application method that needs to be applied to the periodic rule charges.</p>
                <p>Allowed values are</p>
                <p>Due - The periodic rule charges are made due</p>
                <p>Capitalise - The periodic rule charges are capitalised</p>
            </desc>
        </t>
        <t>
            <field>PR.APP.PERIOD</field>
            <desc>
                <p>This field denotes the application period for the given periodic rule charges.</p>
                <p>The periodic rule charges will be applied at the end of the period. If the value defined is zero, then the charges are applied immediately.</p>
                <p>Standard T24 period field.</p>
            </desc>
        </t>
        <t>
            <field>PR.ATTRIBUTE</field>
            <desc>
                <p>These are set of Attributes which define the names of the rule, which will be applied on certain attributes of property classes over a period of time.</p>
                <p>Validation Rules:</p>
                <p>Input must be a valid record from AA.PERIODIC.ATTRIBUTE</p>
            </desc>
        </t>
        <t>
            <field>PR.BRK.CHARGE</field>
            <desc>
                <p>Charge can be collected when the periodic rule is broken</p>
                <p>This field denotes the charge property. The property and its condition is</p>
                <p>defined the product designer and validated during publishing</p>
                <p>Validation Rules:</p>
                <p>Valid charge property</p>
            </desc>
        </t>
        <t>
            <field>PR.BRK.MSG</field>
            <desc>
                <p>Based on the PR.BRK.RES option selected, this will hold either an OVERRIDE or EB.ERROR id. By default the ids will be picked from the associated EB.COMPARISON.TYPE record. If CAP or FLOOR values are given, then the underlying AA.PERIODIC.ATTRIBUTE.CLASS should have this type defined in it.</p>
                <p>Validation Rules:</p>
                <p>Input must be a valid OVERRIDE ID or EB.ERROR ID.</p>
            </desc>
        </t>
        <t>
            <field>PR.BRK.RES</field>
            <desc>
                <p>When a rule is broken what action needs to be taken is defined here. Currently, the various options available are</p>
                <p>Error block further processing</p>
                <p>Override Give an override</p>
                <p>Information Record details only</p>
                <p>CAP the rule value is to be used as a CAP if the rule is broken</p>
                <p>FLOOR the rule value is to be used as a FLOOR if the rule is broken</p>
                <p>Validation Rules:</p>
                <p>Should be one of the above valid options</p>
            </desc>
        </t>
        <t>
            <field>DEFAULT.ATTR.OPTION</field>
            <desc>
                <p>Optional field - Allowed Values are RESETTING and NON-RESETTING.</p>
                <p>RESETTING - During any Renewal Activities (for eg : change.product) the property conditions will be reset from the product.</p>
                <p>NON-RESETTING - During any Renewal Activities property conditions will be maintained from the Arrangement level.</p>
                <p>Leaving the field blank sets NON-RESETTING as the default option.</p>
            </desc>
        </t>
        <t>
            <field>PR.VALUE</field>
            <desc>
                <p>his is the actual rule value, which will be applied on certain attributes of the property classes over a period of time.</p>
                <p>Validation Rules:</p>
                <p>Input must be a valid data type defined in the corresponding</p>
                <p>AA.PERIODIC.ATTRIBUTE.CLASS record.</p>
            </desc>
        </t>
        <t>
            <field>PRICE.UPDATE.LINK</field>
            <desc>
                <p>Reserved for future use</p>
            </desc>
        </t>
        <t>
            <field>PRICE.UPDATE.ON.ACT</field>
            <desc>
                <p>This field specifies one or more activities that will result in the arrangement updating the preferential pricing that it is using. (e.g. resetting the relationship pricing on a deposit on each rollover date without changing plans).</p>
                <p>Should be a valid entry in AA.ACTIVITY.</p>
            </desc>
        </t>
        <t>
            <field>PRODUCT.KEY</field>
            <desc>
                <p>This field represents the key to the product level conditions of a property class</p>
                <p>This field basically has three components seperated by a hyphen</p>
                <p>Condition id</p>
                <p>Currency - if the property class is currency based. By default takes up local currency</p>
                <p>Effective date - if the property class is dated</p>
            </desc>
        </t>
        <t>
            <field>STMT.NOS</field>
            <desc>
                <p>System field - not used for property conditions</p>
            </desc>
        </t>
        <t>
            <field>TARGET.PRODUCT</field>
            <desc>
                <p>This field denotes the target classic product of the given property class</p>
                <p>The already existing T24 products are mapped using AA infrastructure</p>
                <p>These products are mapped to different property clases</p>
            </desc>
        </t>
        <t>
            <field>DEFAULT.NEGOTIABLE</field>
            <desc>
                <p>Defines whether all attributes (fields) can be negotiated or not.</p>
                <p>Validation Rules:</p>
                <p>This field is Mandatory at the designer level</p>
                <p>Valid options are YES and NO</p>
            </desc>
        </t>
        <t>
            <field>DESCRIPTION</field>
            <desc>
                <p>Describes this condition record and is used for enrichment.</p>
                <p>This field can be expanded to allow the User to enter the Description of the property condition in various languages. Each expansion of the field will correspond to a new Language as defined in the LANGUAGE table (Ref: GENERAL TABLES), and will indicate to the User the Language in which the Description must be entered.</p>
                <p>Validation Rules:</p>
                <p>Up to 35 type A (alphanumeric) characters</p>
                <p/>
            </desc>
        </t>
        <t>
            <field>ID.COMP.1</field>
            <desc>
                <p>Contains the arrangement number, extracted from the first component of the id</p>
                <p>Not applicable at product level</p>
                <p>System updated field no input allowed</p>
            </desc>
        </t>
        <t>
            <field>ID.COMP.2</field>
            <desc>
                <p>The action that was triggered on the arrangement property</p>
            </desc>
        </t>
        <t>
            <field>ID.COMP.3</field>
            <desc>
                <p>Contains the effective date of the property condition</p>
                <p>Not applicable at product level</p>
                <p>System updated field no input allowed</p>
            </desc>
        </t>
        <t>
            <field>ID.COMP.4</field>
            <desc>
                <p>Reserved for future use</p>
                <p>Not applicable at product level</p>
                <p>System field no input allowed</p>
            </desc>
        </t>
        <t>
            <field>ID.COMP.5</field>
            <desc>
                <p>Reserved for future use</p>
                <p>Not applicable at product level</p>
                <p>System field no input allowed</p>
            </desc>
        </t>
        <t>
            <field>OWNING.COMPANY</field>
            <desc>
                <p>This field is used to capture the T24 Company(ies) that own the Product Condition record. There is no functionality attached to this field and can be used only for access control through SMS verification.</p>
                <p/> 
                <p>The input in this field must be a valid record in company table and should belong to current financial group.</p>
                <p/> 
                <p>This is a multi value field. Input in this field is optional.</p>
            </desc>
        </t> 
    <t><field>FULL.DESCRIPTION</field><desc><p>Help Text for this field is unavailable.  Please refer to the T24 User Guides for further information.</p></desc></t><t><field>NR.ATTRIBUTE.RULE</field><desc><p>Help Text for this field is unavailable.  Please refer to the T24 User Guides for further information.</p></desc></t><t><field>NR.VALUE.SOURCE</field><desc><p>Help Text for this field is unavailable.  Please refer to the T24 User Guides for further information.</p></desc></t></menu>
</t24help>
