<?xml version="1.0" encoding="utf-8"?>
<t24help>
    <header>
        <product>AA</product>
        <table>AA.PRD.DES.INTEREST</table>
    </header>
    <menu>
        <t>
            <field>DESCRIPTION</field>
            <desc>
                <p>Please provide the description for the current record</p>
            </desc>
        </t>
        <t>
            <field>FIXED.RATE</field>
            <desc>
                <p>Define the rate of interest to be applied</p>
            </desc>
        </t>
        <t>
            <field>FLOATING.INDEX</field>
            <desc>
                <p>Please specify a reference interest rate record from the BASIC.INTEREST table which needs to be applied.</p>
            </desc>
        </t>
        <t>
            <field>PERIODIC.INDEX</field>
            <desc>
                <p>Please specify a reference interest rate record from the PERIODIC.INTEREST table which needs to be applied.</p>
            </desc>
        </t>
        <t>
            <field>PERIODIC.PERIOD</field>
            <desc>
                <p>Define the interest period to be used when linking to PERIODIC.INTEREST</p>
            </desc>
        </t>
        <t>
            <field>PERIODIC.METHOD</field>
            <desc>
                <p>Please indicate the method to be chosen</p>
            </desc>
        </t>
        <t>
            <field>PERIODIC.RESET</field>
            <desc>
                <p>System would automatically reset the PERIODIC.RATE at the frequency stated in this field. Please indicate the reset period of the index</p>
            </desc>
        </t>
        <t>
            <field>MARGIN.TYPE</field>
            <desc>
                <p>Indicate whether there are single or multiple margins</p>
            </desc>
        </t>
        <t>
            <field>MARGIN.OPER</field>
            <desc>
                <p>Please choose whether the MARGIN.RATE needs to be added or subtracted from the floating or periodic interest rate </p>
            </desc>
        </t>
        <t>
            <field>MARGIN.RATE</field>
            <desc>
                <p>A margin rate can be used to adjust the specified rate of interest and to appropriately reflect any rate profit realized. Please specify the rate to be applied.</p>
            </desc>
        </t>
        <t>
            <field>TIER.MIN.RATE</field>
            <desc>
                <p>Please specify the minimum rate for the tier</p>
            </desc>
        </t>
        <t>
            <field>TIER.MAX.RATE</field>
            <desc>
                <p>Please specify the maximum rate for the tier</p>
            </desc>
        </t>
        <t>
            <field>TIER.AMOUNT</field>
            <desc>
                <p>Please specify the amount</p>
            </desc>
        </t>
        <t>
            <field>TIER.PERCENT</field>
            <desc>
                <p>Please specify the percentage</p>
            </desc>
        </t>
        <t>
            <field>TIER.NEGATIVE.RATE</field>
            <desc>
                <p>Please define the negative rate for the tier</p>
            </desc>
        </t>
        <t>
            <field>RATE.TIER.TYPE</field>
            <desc>
                <p>Define the type of tiers of interest rate.</p>
            </desc>
        </t>
        <t>
            <field>DAY.BASIS</field>
            <desc>
                <p>Define the day basis for the interest type.</p>
            </desc>
        </t>
        <t>
            <field>CALC.THRESHOLD</field>
            <desc>
                <p>Please specify the balance threshold for calculation of interest</p>
            </desc>
        </t>
        <t>
            <field>ACCRUAL.RULE</field>
            <desc>
                <p>Specify the ACCRUAL.RULE to define the calculation method for accrual of interest</p>
            </desc>
        </t>
        <t>
            <field>NEGATIVE.RATE</field>
            <desc>
                <p>Indicate if the negative rates can be applied or not. Valid options are YES</p>
            </desc>
        </t>
        <t>
            <field>COMPOUND.TYPE</field>
            <desc>
                <p>Define the number of compounding periods to be applied</p>
            </desc>
        </t>
        <t>
            <field>REFER.LIMIT</field>
            <desc>
                <p>For an arrangement under ACCOUNTS Product Line</p>
            </desc>
        </t>
        <t>
            <field>ON.ACTIVITY</field>
            <desc>
                <p>When the periodic interest rate needs to be recalculated for certain activities</p>
            </desc>
        </t>
        <t>
            <field>RECALCULATE</field>
            <desc>
                <p>Please specify the system will recalculate Periodic rate when the activity setup in ON.ACTIVITY is processed.</p>
            </desc>
        </t>
        <t>
            <field>MIN.INT.AMOUNT</field>
            <desc>
                <p>Indicate the minimum interest amount to be posted for an arrangement/account.</p>
            </desc>
        </t>
        <t>
            <field>MIN.INT.WAIVE</field>
            <desc>
                <p>Indicate if the calculated interest amount has to be waived or adjusted</p>
            </desc>
        </t>
        <t>
            <field>SUPPRESS.ACCRUAL</field>
            <desc>
                <p>Indicate whether accruals needs to be Suppressed or Accrual should be done for the Alternate Interest Property.</p>
            </desc>
        </t>
        <t>
            <field>PR.ATTRIBUTE</field>
            <desc>
                <p>Mention the attributes which define the names of the rule</p>
            </desc>
        </t>
        <t>
            <field>PR.VALUE</field>
            <desc>
                <p>Please enter a value from the AA.PERIODIC.ATTRIBUTE.CLASS which will be applied on certain attributes of the property classes over a period of time.</p>
            </desc>
        </t>
        <t>
            <field>PR.BRK.RES</field>
            <desc>
                <p>Define the action to be applied when a rule is broken</p>
            </desc>
        </t>
        <t>
            <field>PR.BRK.CHARGE</field>
            <desc>
                <p>Define the charge which needs to be applied when a rule is broken</p>
            </desc>
        </t>
        <t>
            <field>PR.APP.METHOD</field>
            <desc>
                <p>Define the application period for current application method</p>
            </desc>
        </t>
        <t>
            <field>PR.APP.PERIOD</field>
            <desc>
                <p>Define the application method to be taken while applying periodic rule charges</p>
            </desc>
        </t>
        <t>
            <field>DEFAULT.NEGOTIABLE</field>
            <desc>
                <p>Indicate if all fields are negotiable.</p>
            </desc>
        </t>
        <t>
            <field>DEFAULT.ATTR.OPTION</field>
            <desc>
                <p>Define if the renewal conditions are to be reset from the product or not.</p>
            </desc>
        </t>
        <t>
            <field>NR.ATTRIBUTE</field>
            <desc>
                <p>Mention the attributes which have the defined negotiation rules set</p>
            </desc>
        </t>
        <t>
            <field>NR.OPTIONS</field>
            <desc>
                <p>Indicate a value applicable to the associated NR.ATTRIBUTE</p>
            </desc>
        </t>
        <t>
            <field>NR.TYPE</field>
            <desc>
                <p>Define the negotiation rule that needs to be linked to the field defined in NR.ATTRIBUTE</p>
            </desc>
        </t>
        <t>
            <field>NR.VALUE</field>
            <desc>
                <p>Define the value that links to the rule in field NR.RULE</p>
            </desc>
        </t>
        <t>
            <field>NR.MESSAGE</field>
            <desc>
                <p>Indicate whether to raise an ERROR message or an OVERRIDE message when the rule is broken</p>
            </desc>
        </t>
    </menu>
</t24help>
