<?xml version="1.0" encoding="utf-8"?>
<t24help xmlns:xsi="http://www.w3.org/2001/XMLSchema-instance">
    <header>
        <product>AA</product>
        <table>AA.PURPOSE.TYPE</table>
    </header>
    <overview>
        <ovdesc>
            <p>This is a LIVE table (user input is not allowed , only the system can update this table) created after authorisation of AA.PURPOSE table. Once a PURPOSE has been created in PURPOSE.TYPE all reference to PURPOSE across the system will be based on the PURPOSE.TYPE table and not on the PURPOSE table</p>
			<p>This purpose is cross-linked to Needs Analysis.Currently this table has only a Description and Full text box description field to record the bank’s top level purpose - this could be like BUY.HOME, PERSONAL.FINANCE etc.</p>
			<p>When this table is authorized, system would create an entry in a LIVE file called AA.PURPOSE.TYPE(equivalent of AA.PRODUCT) </p>
			<P>The ID of the AA.PURPOSE indicates the high level business reason or purpose for which the bank wants to originate a process</P>
			<p>Each purpose type record is further defined in details in OA.APPLICATION.DEFINITION </p>
            
            
        </ovdesc>
    </overview>
    <menu>
       <t>
            <field>DESCRIPTION</field>
            <desc>
                <p>The Description of the Purpose.</p>
                <p>1)1 to 35 alphanumeric characters Multivalue field. Multilanguage Mandatory Input</p>
            </desc>
        </t>
		 <t>
            <field>STATUS</field>
            <desc>
                <p>The current STATUS of the PURPOSE.TYPE. Two statuses are allowed for a purpose type , once a PURPOSE record is authorised the status of this purpose in the purpose type table will be set to DESIGN. Later when the purpose is further defined in the OA.APPLICATION.DEFINIETION table and if such definition is succesfully pubished the status of the purpose type will be set to CATALOG .This mean that the purpose can be used for an application in  OA.APPLICATION </p>
				<p>This field will be blank when AA.PURPOSE.TYPE is created</p>
                <p>1)Maximum of 25 alphanumeric characters </p>
				<p>2)At the moment values can only be DESIGN, or CATALOG </p>
            </desc>
        </t>
		 <t>
            <field>EXPIRY.DATE</field>
            <desc>
               <p> The Date beyond which the Purpose Type is no longer Valid and can not be used for an Application </p>
                <p>1)Standard T24 Date , format is YYYYMMDD </p>
            </desc>
        </t>
    <t><field>AA.PURPOSE.KEY</field><desc><p>Help Text for this field is unavailable.  Please refer to the T24 User Guides for further information.</p></desc></t></menu>
</t24help>
