<?xml version="1.0" encoding="utf-8"?>
<t24help>
    <header>
        <product>AA</product>
        <table>AA.PRD.DES.TERM.AMOUNT</table>
    </header>
    <menu>
        <t>
            <field>DESCRIPTION</field>
            <desc>
                <p>Please provide the description for the current record</p>
            </desc>
        </t>
        <t>
            <field>MAT.DATE.CONVENTION</field>
            <desc>
                <p>Define a value to calculate the maturity date</p>
            </desc>
        </t>
        <t>
            <field>AMOUNT</field>
            <desc>
                <p>Define the total amount which will be lent or deposited for the term</p>
            </desc>
        </t>
        <t>
            <field>TERM</field>
            <desc>
                <p>Specify the period of time by which the amount must be repaid</p>
            </desc>
        </t>
        <t>
            <field>REVOLVING</field>
            <desc>
                <p>Define the revolving term amounts for lending products.</p>
            </desc>
        </t>
        <t>
            <field>UPDATE.COMMT.LIMIT</field>
            <desc>
                <p>Define whether the commitment amount of the Limit used for the arrangement should be updated and shown on the LIMIT record.</p>
            </desc>
        </t>
        <t>
            <field>COOLING.PERIOD</field>
            <desc>
                <p>Helptext not available</p>
            </desc>
        </t>
        <t>
            <field>CANCEL.PERIOD</field>
            <desc>
                <p>Define the Period after which if full committed deposit amount is not paid by the customer</p>
            </desc>
        </t>
        <t>
            <field>ON.MATURITY</field>
            <desc>
                <p>This field is currently not in use and has no functional impact</p>
            </desc>
        </t>
        <t>
            <field>PR.ATTRIBUTE</field>
            <desc>
                <p>Mention the attributes which define the names of the rule</p>
            </desc>
        </t>
        <t>
            <field>PR.VALUE</field>
            <desc>
                <p>Please enter a value from the AA.PERIODIC.ATTRIBUTE.CLASS which will be applied on certain attributes of the property classes over a period of time.</p>
            </desc>
        </t>
        <t>
            <field>PR.BRK.RES</field>
            <desc>
                <p>Define the action to be applied when a rule is broken</p>
            </desc>
        </t>
        <t>
            <field>PR.BRK.CHARGE</field>
            <desc>
                <p>Define the charge which needs to be applied when a rule is broken</p>
            </desc>
        </t>
        <t>
            <field>PR.APP.METHOD</field>
            <desc>
                <p>Define the application period for current application method</p>
            </desc>
        </t>
        <t>
            <field>PR.APP.PERIOD</field>
            <desc>
                <p>Define the application method to be taken while applying periodic rule charges</p>
            </desc>
        </t>
        <t>
            <field>DEFAULT.NEGOTIABLE</field>
            <desc>
                <p>Indicate if all fields are negotiable.</p>
            </desc>
        </t>
        <t>
            <field>DEFAULT.ATTR.OPTION</field>
            <desc>
                <p>Define if the renewal conditions are to be reset from the product or not.</p>
            </desc>
        </t>
        <t>
            <field>NR.ATTRIBUTE</field>
            <desc>
                <p>Mention the attributes which have the defined negotiation rules set</p>
            </desc>
        </t>
        <t>
            <field>NR.OPTIONS</field>
            <desc>
                <p>Indicate a value applicable to the associated NR.ATTRIBUTE</p>
            </desc>
        </t>
        <t>
            <field>NR.TYPE</field>
            <desc>
                <p>Define the negotiation rule that needs to be linked to the field defined in NR.ATTRIBUTE</p>
            </desc>
        </t>
        <t>
            <field>NR.VALUE</field>
            <desc>
                <p>Define the value that links to the rule in field NR.RULE</p>
            </desc>
        </t>
        <t>
            <field>NR.MESSAGE</field>
            <desc>
                <p>Indicate whether to raise an ERROR message or an OVERRIDE message when the rule is broken</p>
            </desc>
        </t>
        <t>
            <field>FULL.COMMITTMENT.ACTIVITY</field>
            <desc>
                <p>Indicate if the ACTIVITY needs to be triggered when the loan /deposit is disbursed/funded</p>
            </desc>
        </t>
    </menu>
</t24help>
