<?xml version="1.0" encoding="utf-8"?>
<t24help>
    <header>
        <product>AA</product>
        <table>AA.PRD.DES.REPORTING</table>
    </header>
    <menu>
        <t>
            <field>DESCRIPTION</field>
            <desc>
                <p>Please provide the description of the current record</p>
            </desc>
        </t>
        <t>
            <field>IAS.CLASSIFICATION</field>
            <desc>
                <p>Define the classification of contract based on IFRS standard.</p>
            </desc>
        </t>
        <t>
            <field>IAS.SUBTYPE</field>
            <desc>
                <p>Define the Sub type for the corresponding classification defined in IAS.CLASSIFICATION field.</p>
            </desc>
        </t>
        <t>
            <field>MARKET.KEY</field>
            <desc>
                <p>Define the market rate to calculate the NPV based on future cashflow information</p>
            </desc>
        </t>
        <t>
            <field>MARKET.MARGIN</field>
            <desc>
                <p>Specify the margin to calculate the NPV based on future cashflow information</p>
            </desc>
        </t>
        <t>
            <field>MARGIN.OPERAND</field>
            <desc>
                <p>Indicate the operand to be used for arriving at the rate using MARKET.MARGIN. Allowed values are ADD</p>
            </desc>
        </t>
        <t>
            <field>DEFAULT.NEGOTIABLE</field>
            <desc>
                <p>Indicate if all fields are negotiable.</p>
            </desc>
        </t>
        <t>
            <field>DEFAULT.ATTR.OPTION</field>
            <desc>
                <p>Define if the renewal conditions are to be reset from the product or not.</p>
            </desc>
        </t>
        <t>
            <field>NR.ATTRIBUTE</field>
            <desc>
                <p>Mention the attributes which have the defined negotiation rules set</p>
            </desc>
        </t>
        <t>
            <field>NR.OPTIONS</field>
            <desc>
                <p>Indicate a value applicable to the associated NR.ATTRIBUTE</p>
            </desc>
        </t>
        <t>
            <field>NR.TYPE</field>
            <desc>
                <p>Define the negotiation rule that needs to be linked to the field defined in NR.ATTRIBUTE</p>
            </desc>
        </t>
        <t>
            <field>NR.VALUE</field>
            <desc>
                <p>Define the value that links to the rule in field NR.RULE</p>
            </desc>
        </t>
        <t>
            <field>NR.MESSAGE</field>
            <desc>
                <p>Indicate whether to raise an ERROR message or an OVERRIDE message when the rule is broken</p>
            </desc>
        </t>
    </menu>
</t24help>
