<?xml version="1.0" encoding="utf-8"?>
<t24help>
<header>
<product>AA</product>
<table>AA.PRD.CAT.AC.GROUP.CAP</table>
</header>
<overview>
<ovdesc>

            <p>The purpose of this table is to specify the next date and subsequent frequency of application of debit and credit interest, for a group of Accounts.</p>
            <p />
            <p>   Interest may be applied any day of the month. Cycles may be different for debit and credit interest, (e.g. debit interest may be charged monthly and credit interest paid quarterly) unless credit interest is only to be calculated as an offset to debit interest.</p>
            <p />
            <p>   The date of debit interest application is also used as the date of application of Interest Related Charges. (These are Debit Interest Addon, Government Margin, Highest Debit and Interest Statement charges.)</p>
            <p />
            <p>   If the 'Last Day Inclusive' field in the ACCOUNT.ACCRUAL file contains 'Y', interest is calculated on balances with value up to and including the capitalisation date. The value date of the interest entry booked is the day after the capitalisation date.</p>
            <p />
            <p>   If 'Last Day Inclusive' contains 'NO' only balances up to and including the previous working day are included. The value date of the interest entry booked is the day after the last balance included.</p>
            <p />
            <p>   Interest entries are booked to the Customer Account on the day they are calculated, or on the next working day, depending on the Application Posting Day specified in the ACCOUNT.ACCRUAL record. If the capitalisation date falls on a non-working day, the application is processed on the previous working day, unless 'Last Day Inclusive' contains 'Y' and a month end accrual day falls before the capitalisation date, in which case the application is processed on the next working day. In either case, the calculation is up to the capitalisation date and the entries generated have the same value date as they would have had if they had been processed on that date.</p>
            <p />
            <p />
        </ovdesc>
<ovimage></ovimage>
</overview>
<menu>
<t>
<field>DESCRIPTION</field>
<desc>
            <p>Describes this condition record and is used for enrichment.</p>
            <p />
            <p>This field can be expanded to allow the User to enter the Description of the property condition in various languages. Each expansion of the field will correspond to a new Language as defined in the LANGUAGE table (Ref: GENERAL TABLES), and will indicate to the User the Language in which the Description must be entered.</p>
            <p />
            <p>
                <p>Validation Rules:</p>
            </p>
            <p>Up to 35 type A (alphanumeric) characters</p>
            <p />
        </desc>
</t>
<t>
<field>PR.VALUE</field>
<desc>
            <p>This is the actual rule value, which will be applied on certain attributes of the property classes over a period of time.</p>
            <p />
            <p>
                <p>Validation Rules:</p>
            </p>
            <p>Input must be a valid data type defined in the corresponding</p>
            <p>AA.PERIODIC.ATTRIBUTE.CLASS record.</p>
        </desc>
</t>
<t>
<field>ID.COMP.5</field>
<desc>
            <p>Reserved for future use</p>
            <p>Not applicable at product level</p>
            <p>System field no input allowed</p>
            <p />
        </desc>
</t>
<t>
<field>SYS.RESERVE4</field>
<desc>
            <p>System field - reserved for future use</p>
            <p />
        </desc>
</t>
<t>
<field>SYS.RESERVE5</field>
<desc>
            <p>System field - reserved for future use</p>
            <p />
        </desc>
</t>
<t>
<field>PR.BRK.RES</field>
<desc>
            <p>When a rule is broken what action needs to be taken is defined here. Currently, the various options available are </p>
            <p />
            <p>Error block further processing</p>
            <p>Override Give an override</p>
            <p>Information  Record details only</p>
            <p>CAP the rule value is to be used as a CAP if the rule is broken</p>
            <p>FLOOR the rule value is to be used as a FLOOR if the rule is broken</p>
            <p />
            <p>
                <p>Validation Rules:</p>
            </p>
            <p>Should be one of the above valid options</p>
        </desc>
</t>
<t>
<field>NEGOTIATED.FLDS</field>
<desc>
            <p>No input and multi value field that lists the attributes on the arrangement property record that have been fixed and/or negotiated. These are stored when the arrangement level record is committed. When the arrangement level record is next used all items in the NEGOTIATED.FIELDS list will be maintained.</p>
            <p>Once an attribute has been fixed or negotiated it will remain in negotiated field list on all subsequent dated versions of the property.</p>
        </desc>
</t>
<t>
<field>SYS.RESERVE2</field>
<desc>
            <p>System field - reserved for future use</p>
            <p />
        </desc>
</t>
<t>
<field>ID.COMP.3</field>
<desc>
            <p>Contains the effective date of the property condition</p>
            <p>Not applicable at product level</p>
            <p>System updated field no input allowed</p>
            <p />
        </desc>
</t>
<t>
<field>NR.RESERVED2</field>
<desc>
            <p>System Field - Reserved for future use</p>
            <p />
        </desc>
</t>
<t>
<field>STMT.NOS</field>
<desc>
            <p>System field - not used for property conditions</p>
            <p />
        </desc>
</t>
<t>
<field>DEFAULT.NEGOTIABLE</field>
<desc>
            <p>Defines whether all attributes (fields) can be negotiable or not.</p>
            <p />
            <p>
                <p>Validation Rules:</p>
            </p>
            <p>This field is Mandatory</p>
            <p>Valid options are YES and NO</p>
        </desc>
</t>
<t>
<field>PRODUCT.KEY</field>
<desc>
            <p>This field represents the key to the product level conditions of a property class</p>
            <p>This field basically has three components seperated by a hyphen</p>
            <p>Condition id</p>
            <p>Currency - if the property class is currency based. By default takes up local currency</p>
            <p>Effective date - if the property class is dated</p>
            <p />
        </desc>
</t>
<t>
<field>OVERRIDE</field>
<desc>
            <p>Standard Override field containing override messages generated by amendments to this property</p>
            <p />
        </desc>
</t>
<t>
<field>ID.COMP.2</field>
<desc>
            <p>The action that was triggered on the arrangement property</p>
            <p>The action is taken from ACTIVITY.CLASS record of the underlying AA.ARRANGEMENT.ACTIVITY request that caused the record to be modified.</p>
            <p />
        </desc>
</t>
<t>
<field>SETTLE.ACCT.CLOSE</field>
<desc>
            <p>This is a flag specifying whether a settlement account is required at the time of closing an account.</p>
            <p />
            <p />
            <p />
            <p>
                <p>Validation Rules:</p>
            </p>
            <p />
            <p>   1-2 alphabetic character field . (Mandatory input)</p>
            <p />
            <p />
        </desc>
</t>
<t>
<field>SYS.RESERVE1</field>
<desc>
            <p>System field - reserved for future use</p>
            <p />
        </desc>
</t>
<t>
<field>DR2.CAP.FREQUENCY</field>
<desc>
            <p>Specifies the next date and subsequent frequency of the application of the second debit interest to the associated group of Accounts. Second debit interest is charged when DR2 fields on the ACCOUNT.DEBIT.INT or GROUP.DEBIT.INT record have been completed.</p>
            <p />
            <p>   The first part of the field specifies the next application date for the 2nd type of debit interest, the 2nd part specifies the frequency of the 2nd type of debit interest applications.</p>
            <p />
            <p>   The next date is updated automatically by the system on each application day.</p>
            <p />
            <p>   The allowable frequencies are:</p>
            <p />
            <p>   FREQUENCY NEXT DATE</p>
            <p />
            <p>   D(aily) Every day</p>
            <p />
            <p>   B(snss) Every business day</p>
            <p />
            <p>   T(wmth) Twice a month, 15th and last day</p>
            <p />
            <p>   Wn Every n weeks</p>
            <p />
            <p>   Mnndd Every nn months on the dd day</p>
            <p />
            <p>   If there is no input in this field, DR2 interest is Capitalised on the dates specified for debit interest in field DR.CAP.FREQUENCY.</p>
            <p />
            <p>   When amending this field manually, if the next date is omitted, the system automatically generates it as follows:</p>
            <p />
            <p>   FREQUENCY NEXT DATE</p>
            <p />
            <p>   D(aily) (Every day) Tomorrow</p>
            <p />
            <p>   B(snss) (Every business day) Next working day after today</p>
            <p />
            <p>   T(wmth) (Twice a month, 15th and last day) The next 15th or month end from today, whichever is sooner</p>
            <p />
            <p>   Wn (Every n weeks) n weeks from today</p>
            <p />
            <p>   Mnndd (Every nn months on the dd day) If today's date is less than dd, the next date is day dd in nn months from last month, otherwise it is day dd in nn months form the current month. If this date does not exist (e.g. 30th February) the previous day is assumed (28th or 29th February).</p>
            <p />
            <p>   Note:</p>
            <p />
            <p>   (i) When the date specified, or calculated by the System falls on a non-working day, the application is processed on the previous working day (or the next working day if 'Last Day Inclusive' = 'Y' and a month end accrual day falls before the date specified), calculating figures up to the date specified.</p>
            <p />
            <p>   (ii) If Daily application frequency is specified, and the ACCOUNT.ACCRUAL record specifies that interest is calculated on balances including the capitalisation date (Last Day Inclusive = Y), separate entries are generated for each day, including non-working days.</p>
            <p />
            <p>   (iii) In the above case, if the ACCOUNT.ACCRUAL record specifies that interest is booked to the Account on the next working day (Application Posting Day = NEXT), the entries generated before a weekend or other non-working day will cause automatic back-value corrections on the next working day.</p>
            <p />
            <p />
            <p />
            <p>
                <p>Validation Rules:</p>
            </p>
            <p />
            <p>   This field is in two parts.</p>
            <p />
            <p>   1) Next Application Date: 1-9 Date characters. Default value calculated by the system depending on application frequency. (Optional Input).</p>
            <p />
            <p>   2) Application Frequency: 1-5 type SS (uppercase alpha or numeric, first character alpha) characters (Optional input)</p>
            <p />
            <p>   If Date is entered, it must not be before today's date.</p>
            <p />
            <p>   The Frequency must be one of those listed above.</p>
            <p />
            <p />
        </desc>
</t>
<t>
<field>NR.VALUE</field>
<desc>
            <p>Defines the value that links to the rule in field "Nr.Type"</p>
        </desc>
</t>
<t>
<field>NR.MESSAGE</field>
<desc>
            <p>This field indicates whether to raise error or override message when rule is broken</p>
            <p>Allows only two values ERROR or OVERRIDE</p>
            <p>ERROR error message is raised</p>
            <p>OVERRIDE Override message is generated</p>
            <p />
        </desc>
</t>
<t>
<field>START.OF.DAY.CAP</field>
<desc>
            <p>Indicates whether capitalisation is allowed in the start of day processing, Y indicates that it is allowed, NO or null inidcates that it is not.</p>
            <p />
            <p>   If allowed start of day capitalisation will take place when there are processing days between the period end date of the EOD part of a COB and the next working day.</p>
            <p />
            <p>   This will be for what is normally called a split month end.</p>
            <p />
            <p>   For example if the end of the month is Friday 31st and the first working day of the next month is Monday the 3rd, then any accounts set for capitalisation on the first or second of the month will be capitalised in the start of day processing of the COB starting on Friday 31st. If the account is not set for start of day capitalisation then the accounts due for capitalisation on the first or second will be capitalised during the EOD processing of the COB starting on Monday 3rd.</p>
            <p />
            <p>   In a situation where the next working day is 1 day after the period end of the EOD portion of the COB accounts will be capitalised during the EOD processing of the COB running on the capitalisation date even if the account is set for start of day capitalisation. For example COB begins on Friday 15th, Period end is Sunday 17th, next working day is Monday 18th, then accounts set for start of day capitalisation and with a capitalisation date of the 18th will be capitalised in the EOD processing of the COB starting on the 18th.</p>
            <p />
            <p />
            <p />
            <p>   Validation rules</p>
            <p />
            <p>   1-2 alphabetic field, Y or NO, optional input</p>
            <p />
            <p />
        </desc>
</t>
<t>
<field>TARGET.PRODUCT</field>
<desc>
            <p>This field denotes the target classic product of the given property class</p>
            <p />
            <p>The already existing T24 products are mapped using AA infrastructure</p>
            <p>These are called classic products</p>
            <p>These products are mapped to different property clases</p>
            <p />
        </desc>
</t>
<t>
<field>SYS.RESERVE6</field>
<desc>
            <p>System field - reserved for future use</p>
            <p />
        </desc>
</t>
<t>
<field>NR.OPTIONS</field>
<desc>
            <p>Defines named values to indicate if an option applies to the associated NR.ATTRIBUTE. More than one option can be associated with the NR.ATTRIBUTE, with certain restrictions.</p>
            <p />
            <p>
                <p>Validation Rules:</p>
            </p>
            <p>Valid Inputs are NEGOTIABLE, NON-NEGOTIABLE, OVERRIDE, FIX-VALUE, MANDATORY as described below: -</p>
            <p />
            <p>NEGOTIABLE</p>
            <p>The value of NEGOTIABLE will indicate that the associated NR.ATTRIBUTE can be negotiated at the arrangement level.</p>
            <p />
            <p>NON-NEGOTIABLE</p>
            <p>The value of NON-NEGOTIABLE will indicate that the associated NR.ATTRIBUTE cannot be negotiated at the arrangement level. Both NEGOTIABLE and NON-NEGOTIABLE cannot be defined together</p>
            <p />
            <p>OVERRIDE</p>
            <p>Specifies if a default override message should be generated if the default attribute is amended at the arrangement level. If OVERRIDE is not specified, no override will be generated.</p>
            <p />
            <p>FIX-VALUE</p>
            <p>Specified if the field value is to be fixed at the arrangement level. If FIX-VALUE is not specified the field value will vary with the changes to the underlying product condition.</p>
            <p />
            <p>MANDATORY</p>
            <p>Specifies if the attribute is mandatory for this product condition. Can only be specified where the attribute is not defined as mandatory in the property class.</p>
        </desc>
</t>
<t>
<field>PR.APP.METHOD</field>
<desc>
            <p>This field denotes the application method that needs to be applied to the periodic rule charges.</p>
            <p>Allowed values are</p>
            <p>Due - The periodic rule charges are made due</p>
            <p>Capitalise - The periodic rule charges are capitalised</p>
            <p />
        </desc>
</t>
<t>
<field>PR.ATTRIBUTE</field>
<desc>
            <p>These are set of Attributes which define the names of the rule, which will be applied on certain attributes of property classes over a period of time.</p>
            <p />
            <p>
                <p>Validation Rules:</p>
            </p>
            <p>Input must be a valid record from AA.PERIODIC.ATTRIBUTE</p>
        </desc>
</t>
<t>
<field>ID.COMP.1</field>
<desc>
            <p>Contains the arrangement number, extracted from the first component of the id</p>
            <p>Not applicable at product level</p>
            <p>System updated field no input allowed</p>
            <p />
        </desc>
</t>
<t>
<field>NR.ATTRIBUTE</field>
<desc>
            <p>Defines which individual attribute (field) has the negotiation rules defined in fields "Nr.Negotiable" through to "Nr.Message"</p>
            <p />
            <p>
                <p>Validation Rules:</p>
            </p>
            <p>Must be a valid field name within this property</p>
            <p>This field is part of a multi value set</p>
        </desc>
</t>
<t>
<field>NR.TYPE</field>
<desc>
            <p>Defines the negotiation rule that is linked to the field defined in "Nr.Attribute". If an attribute has a negotiation rule linked to it (in associated fields NR.TYPE, NR.VALUE and NR.MESSAGE) the attribute must be defined as negotiable.</p>
            <p>It is possible to define more than one negotiation rule for an attribute</p>
            <p />
            <p>
                <p>Validation Rules:</p>
            </p>
            <p>Input must be a valid record from EB.COMPARISON.TYPE</p>
            <p>This is a multi value set of fields</p>
        </desc>
</t>
<t>
<field>PR.BRK.MSG</field>
<desc>
            <p>Based on the PR.BRK.RES option selected, this will hold either an OVERRIDE or EB.ERROR id. By default the ids will be picked from the associated EB.COMPARISON.TYPE record. If CAP or FLOOR values are given, then the underlying AA.PERIODIC.ATTRIBUTE.CLASS should have this type defined in it.</p>
            <p />
            <p>
                <p>Validation Rules:</p>
            </p>
            <p>Input must be a valid OVERRIDE ID or EB.ERROR ID.</p>
        </desc>
</t>
<t>
<field>DR.CAP.FREQUENCY</field>
<desc>
            <p>Specifies the next date and subsequent frequency of the application of debit interest and 'Interest Related' charges to the associated group of Accounts and to Profit and Loss.</p>
            <p />
            <p>   The first part of the field specifies the next application date for debit interest and related charges, the 2nd part specifies the frequency of debit interest applications.</p>
            <p />
            <p>   The next date is updated automatically by the system on each application day.</p>
            <p />
            <p>   The allowable frequencies are:</p>
            <p />
            <p>   FREQUENCY NEXT DATE</p>
            <p />
            <p>   D(aily) Every day</p>
            <p />
            <p>   B(snss) Every business day</p>
            <p />
            <p>   T(wmth) Twice a month, 15th and last day</p>
            <p />
            <p>   Wn Every n weeks</p>
            <p />
            <p>   Mnndd Every nn months on the dd day</p>
            <p />
            <p>   When amending this field manually, if the next date is omitted, the system automatically generates it as follows:</p>
            <p />
            <p>   FREQUENCY NEXT DATE</p>
            <p />
            <p>   D(aily) (Every day) Tomorrow</p>
            <p />
            <p>   B(snss) (Every business day) Next working day after today</p>
            <p />
            <p>   T(wmth) (Twice a month, 15th and last day) The next 15th or month end from today, whichever is sooner</p>
            <p />
            <p>   Wn (Every n weeks) n weeks from today</p>
            <p />
            <p>   Mnndd (Every nn months on the dd day) If today's date is less than dd, the next date is day dd in nn months from last month, otherwise it is day dd in nn months form the current month. If this date does not exist (e.g. 30th February) the previous day is assumed (28th or 29th February).</p>
            <p />
            <p>   Note:</p>
            <p />
            <p>   (i) This field also specifies the date of application of Interest Related Charges i.e. Debt Interest Addon, Government Margin, Highest Debit and Interest Statement charges.</p>
            <p />
            <p>   (ii) When the date specified, or calculated by the System falls on a non-working day, the application is processed on the previous working day (or the next working day if 'Last Day Inclusive' = 'Y' and a month end accrual day falls before the date specified), calculating figures up to the date specified.</p>
            <p />
            <p>   (iii) If Daily application frequency is specified, and the Account Accrual record specifies that interest is calculated on balances including the capitalisation date (Last Day Inclusive = Y), separate entries are generated for each day, including non-working days.</p>
            <p />
            <p>   (iv) In the above case, if the ACCOUNT.ACCRUAL record specifies that interest is booked to the Account on the next working day (Application Posting Day = NEXT), the entries generated before a weekend or other non-working day will cause automatic back-value corrections on the next working day.</p>
            <p />
            <p />
            <p />
            <p>
                <p>Validation Rules:</p>
            </p>
            <p />
            <p>   This field is in two parts.</p>
            <p />
            <p>   1) Next Application Date: 1-9 Date characters. Default value calculated by the system depending on application frequency. (Optional Input).</p>
            <p />
            <p>   2) Application Frequency: 1-5 type SS (uppercase alpha or numeric, first character alpha) characters (Optional input)</p>
            <p />
            <p>   If Date is entered, it must not be before today's date.</p>
            <p />
            <p>   The Frequency must be one of those listed above.</p>
            <p />
            <p />
        </desc>
</t>
<t>
<field>SYS.RESERVE7</field>
<desc>
            <p>System field - reserved for future use</p>
            <p />
        </desc>
</t>
<t>
<field>PR.APP.PERIOD</field>
<desc>
            <p>This field denotes the application period for the given periodic rule charges.</p>
            <p>The periodic rule charges will be applied at the end of the period. If the value defined is zero, then the charges are applied immediately.</p>
            <p>Standard T24 period field.</p>
            <p />
        </desc>
</t>
<t>
<field>NR.RESERVED1</field>
<desc>
            <p>System Field - Reserved for future use</p>
            <p />
        </desc>
</t>
<t>
<field>NR.STD.COMP</field>
<desc>
            <p>It is possible to define negotiation rules in EB.COMPARISON.TYPE.</p>
            <p />
            <p />
            <p>
                <p>Validation Rules:</p>
            </p>
            <p>Input must be a valid record from EB.STANDARD.COMPARISON</p>
        </desc>
</t>
<t>
<field>SYS.RESERVE3</field>
<desc>
            <p>System field - reserved for future use</p>
            <p />
        </desc>
</t>
<t>
<field>ID.COMP.4</field>
<desc>
            <p>Reserved for future use</p>
            <p>Not applicable at product level</p>
            <p>System field no input allowed</p>
            <p />
        </desc>
</t>
<t>
<field>ID.COMP.6</field>
<desc>
            <p>Reserved for future use</p>
            <p>Not applicable at product level</p>
            <p>System field no input allowed</p>
            <p />
        </desc>
</t>
<t>
<field>PR.BRK.CHARGE</field>
<desc>
            <p>Charge can be collected when the periodic rule is broken</p>
            <p>This field denotes the charge property. The property and its condition is</p>
            <p>defined the product designer and validated during publishing</p>
            <p />
            <p>
                <p>Validation Rules:</p>
            </p>
            <p>Valid charge property</p>
        </desc>
</t>
<t>
<field>CHANGED.FIELDS</field>
<desc>
            <p>No input and multi value field - lists all fields that have been negotiated for each dated version of the property. For a subsequently dated property, the attributes listed in this field will appear in "Negotiated.Fields" and only newly negotiated fields will appear on "Changed.Fields"</p>
            <p />
            <p />
        </desc>
</t>
<t>
<field>CR.CAP.FREQUENCY</field>
<desc>
            <p>Specifies the next date and subsequent frequency of the application of credit interest to the associated group of Accounts. The first part of the field specifies the next application date for credit interest, the 2nd part specifies the frequency of credit interest applications. The next date is updated automatically by the system on each application day. If there is no input in this field, credit interest is capitalised on the dates specified for debit interest in field DR.CAP.FREQUENCY. The allowable frequencies are:</p>
            <p />
            <p>   FREQUENCY NEXT DATE</p>
            <p />
            <p>   D(aily) Every day</p>
            <p />
            <p>   B(snss) Every business day</p>
            <p />
            <p>   T(wmth) Twice a month, 15th and last day</p>
            <p />
            <p>   Wn Every n weeks</p>
            <p />
            <p>   Mnndd Every nn months on the dd day</p>
            <p />
            <p>   When amending this field manually, if the next date is omitted, the system automatically generates it as follows:</p>
            <p />
            <p>   FREQUENCY NEXT DATE</p>
            <p />
            <p>   D(aily) (Every day) Tomorrow</p>
            <p />
            <p>   B(snss) (Every business day) Next working day after today</p>
            <p />
            <p>   T(wmth) (Twice a month, 15th and last day) The next 15th or month end from today, whichever is sooner</p>
            <p />
            <p>   Wn (Every n weeks) n weeks from today</p>
            <p />
            <p>   Mnndd (Every nn months on the dd day) If today's date is less than dd, the next date is day dd in nn months from last month, otherwise it is day dd in nn months form the current month. If this date does not exist (e.g. 30th February) the previous day is assumed (28th or 29th February).</p>
            <p />
            <p>   Note:</p>
            <p />
            <p>   (i) When the date specified, or calculated by the System falls on a non-working day, the application is processed on the previous working day (or the next working day if 'Last Day Inclusive' = 'Y' and a month end accrual day falls before the date specified), calculating figures up to the date specified.</p>
            <p />
            <p>   (ii) If Daily application frequency is specified, and the ACCOUNT.ACCRUAL record specifies that interest is calculated on balances including the capitalisation date (Last Day Inclusive = Y), separate entries are generated for each day, including non-working days.</p>
            <p />
            <p>   (iii) In the above case, if the ACCOUNT.ACCRUAL record specifies that interest is booked to the Account on the next working day (Application Posting Day = NEXT), the entries generated before a weekend or other non-working day will cause automatic back-value corrections on the next working day.</p>
            <p />
            <p />
            <p />
            <p>
                <p>Validation Rules:</p>
            </p>
            <p />
            <p>   This field is in two parts.</p>
            <p />
            <p>   1) Next Application Date: 1-9 Date characters. Default value calculated by the system depending on application frequency. (Optional Input).</p>
            <p />
            <p>   2) Application Frequency: 1-5 type SS (uppercase alpha or numeric, first character alpha) characters (Optional input)</p>
            <p />
            <p>   If Date is entered, it must not be before today's date.</p>
            <p />
            <p>   The Frequency must be one of those listed above.</p>
            <p />
            <p />
        </desc>
</t>
<t>
<field>CR2.CAP.FREQUENCY</field>
<desc>
            <p>Specifies the next date and subsequent frequency of the application of second credit interest to the associated group of Accounts. Second credit interest is paid when the CR2 fields on the associated ACCOUNT.CREDIT.INT or GROUP.CREDIT.INT record have been completed.</p>
            <p />
            <p>   The first part of the field specifies the next application date for the 2nd type of credit interest, the 2nd part specifies the frequency of the 2nd type of credit interest applications.</p>
            <p />
            <p>   The next date is updated automatically by the system on each application day.</p>
            <p />
            <p>   The allowable frequencies are:</p>
            <p />
            <p>   FREQUENCY NEXT DATE</p>
            <p />
            <p>   D(aily) Every day</p>
            <p />
            <p>   B(snss) Every business day</p>
            <p />
            <p>   T(wmth) Twice a month, 15th and last day</p>
            <p />
            <p>   Wn Every n weeks</p>
            <p />
            <p>   Mnndd Every nn months on the dd day</p>
            <p />
            <p>   If there is no input in this field, credit 2 interest is capitalised on the dates specified for credit interest in field CR.CAP.FREQUENCY, or, if there is also no input in field CR.CAP.FREQUENCY, on the dates specified for debit interest in field DR.CAP.FREQUENCY.</p>
            <p />
            <p>   When amending this field manually, if the next date is omitted, the system automatically generates it as follows:</p>
            <p />
            <p>   FREQUENCY NEXT DATE</p>
            <p />
            <p>   D(aily) (Every day) Tomorrow</p>
            <p />
            <p>   B(snss) (Every business day) Next working day after today</p>
            <p />
            <p>   T(wmth) (Twice a month, 15th and last day) The next 15th or month end from today, whichever is sooner</p>
            <p />
            <p>   Wn (Every n weeks) n weeks from today</p>
            <p />
            <p>   Mnndd (Every nn months on the dd day) If today's date is less than dd, the next date is day dd in nn months from last month, otherwise it is day dd in nn months form the current month. If this date does not exist (e.g. 30th February) the previous day is assumed (28th or 29th February).</p>
            <p />
            <p>   Note:</p>
            <p />
            <p>   (i) When the date specified, or calculated by the System falls on a non-working day, the application is processed on the previous working day (or the next working day if 'Last Day Inclusive' = 'Y' and a month end accrual day falls before the date specified), calculating figures up to the date specified.</p>
            <p />
            <p>   (ii) If Daily application frequency is specified, and the ACCOUNT.ACCRUAL record specifies that interest is calculated on balances including the capitalisation date (Last Day Inclusive = Y), separate entries are generated for each day, including non-working days.</p>
            <p />
            <p>   (iii) In the above case, if the ACCOUNT.ACCRUAL record specifies that interest is booked to the Account on the next working day (Application Posting Day = NEXT), the entries generated before a weekend or other non-working day will cause automatic back-value corrections on the next working day.</p>
            <p />
            <p />
            <p />
            <p>
                <p>Validation Rules:</p>
            </p>
            <p />
            <p>   This field is in two parts.</p>
            <p />
            <p>   1) Next Application Date: 1-9 Date characters. Default value calculated by the system depending on application frequency. (Optional Input).</p>
            <p />
            <p>   2) Application Frequency: 1-5 type SS (uppercase alpha or numeric, first character alpha) characters (Optional input)</p>
            <p />
            <p>   If Date is entered, it must not be before today's date.</p>
            <p />
            <p>   The Frequency must be one of those listed above.</p>
            <p />
            <p />
        </desc>
</t>
<t>
<field>DEFAULT.ATTR.OPTION</field>
<desc>
            <p>Optional field - Allowed Values are RESETTING and NON-RESETTING.</p>
            <p />
            <p> RESETTING - During any Renewal Activities (for eg : change.product, rollover or reset) the property conditions will be reset from the product.</p>
            <p />
            <p> NON-RESETTING - During any Renewal Activities property conditions will be maintained from the Arrangement level.</p>
            <p />
            <p> Leaving the field blank sets NON-RESETTING as the default option.</p>
            <p />
        </desc>
</t>
<t>
<field>OWNING.COMPANY</field>
<desc>
            <p>This field is used to capture the T24 Company(ies) that own the Product Condition record. There is no functionality attached to this field and can be used only for access control through SMS verification.</p>
            <p/> 
            <p>The input in this field must be a valid record in company table and should belong to current financial group.</p>
            <p/> 
            <p>This is a multi value field. Input in this field is optional.</p>
        </desc>
</t> 
<t><field>FULL.DESCRIPTION</field><desc><p>Help Text for this field is unavailable.  Please refer to the T24 User Guides for further information.</p></desc></t><t><field>NR.ATTRIBUTE.RULE</field><desc><p>Help Text for this field is unavailable.  Please refer to the T24 User Guides for further information.</p></desc></t><t><field>NR.VALUE.SOURCE</field><desc><p>Help Text for this field is unavailable.  Please refer to the T24 User Guides for further information.</p></desc></t></menu>
</t24help>

