<?xml version="1.0" encoding="utf-8"?>
<t24help>
<header>
<product>AA</product>
<table>AA.PORTFOLIO.ARRANGEMENT</table>
</header>
<overview>
<ovdesc>

            <p>Table to store the list of arrangements that belong to the portfolio. The table maintains the arrangements for the portfolio reference defined in ACCOUNT Property class. If no Portfolio reference is defined then id of the table will be the customer reference.</p>
            <p>This table is used to evaluate loans and deposits that belong to a particular portfolio.</p>
        </ovdesc>
<ovimage></ovimage>
</overview>
<menu>
<t>
<field>ARRANGEMENT.ID</field>
<desc>
            <p>Arrangement id that belong to corresponding portfolio or customer</p>
        </desc>
</t>
<t>
<field>PORTFOLIO.ID</field>
<desc>
            <p>Portfolio reference</p>
        </desc>
</t>
</menu>
</t24help>