<?xml version="1.0" encoding="utf-8"?>
<t24help xmlns:xsi="http://www.w3.org/2001/XMLSchema-instance">
    <header>
        <product>AA</product>
        <table>AA.PRD.DES.LIMIT</table>
    </header>
    <overview>
        <ovdesc>
            <p>The LIMIT Property Class is used by all products which are account based. This Property Class primarily controls the use of the LIMIT module by the product</p>
            <p/>
        </ovdesc>
    </overview>
    <menu>
        <t>
            <field>FULL.DESCRIPTION</field>
            <desc>
                <p>Help Text for this field is unavailable.  Please refer to the T24 User Guides for further information.</p>
            </desc>
        </t>
        <t>
            <field>ID.COMP.1</field>
            <desc>
                <p>Contains the arrangement number, extracted from the first component of the id</p>
                <p>Not applicable at product level</p>
                <p>System updated field no input allowed</p>
                <p/>
            </desc>
        </t>
        <t>
            <field>ID.COMP.2</field>
            <desc>
                <p>The action that was triggered on the arrangement property</p>
                <p>The action is taken from ACTIVITY.CLASS record of the underlying AA.ARRANGEMENT.ACTIVITY request that caused the record to be modified.</p>
                <p/>
            </desc>
        </t>
        <t>
            <field>ID.COMP.3</field>
            <desc>
                <p>Contains the effective date of the property condition</p>
                <p>Not applicable at product level</p>
                <p>System updated field no input allowed</p>
                <p/>
            </desc>
        </t>
        <t>
            <field>ID.COMP.4</field>
            <desc>
                <p>Reserved for future use</p>
                <p>Not applicable at product level</p>
                <p>System field no input allowed</p>
                <p/>
            </desc>
        </t>
        <t>
            <field>ID.COMP.5</field>
            <desc>
                <p>Reserved for future use</p>
                <p>Not applicable at product level</p>
                <p>System field no input allowed</p>
                <p/>
            </desc>
        </t>
        <t>
            <field>ID.COMP.6</field>
            <desc>
                <p>Reserved for future use</p>
                <p>Not applicable at product level</p>
                <p>System field no input allowed</p>
                <p/>
            </desc>
        </t>
        <t>
            <field>LIMIT</field>
        </t>
        <t>
            <field>LIMIT.AMOUNT</field>
            <desc>
                <p>This field is used to give the limit amount for limits which are managed from AA. This amount would be mapped to limit&apos;s Internal amount field. Input allowed when manage limit is set to YES or LIMIT.SERIAL is set to &quot;NEW&quot;</p>
                <p>Validation Rules</p>
                <p>Should be a valid T24 amount field</p>
            </desc>
        </t>
        <t>
            <field>LIMIT.MATURITY</field>
            <desc>
                <p>LIMIT.MATURITY field is to specify the type of date to be taken for time band.</p>
                <p>Currently supported options are</p>
                <p>1. MATURITY.DATE - Maturity Date of the contract</p>
                <p>2. RENEWAL.DATE - Renewal Date of the contract</p>
                <p>3. LIMIT.MATURITY.DATE - Date in the field LIMIT.MATURITY.DATE</p>
                <p/>
                <p>Validation rules</p>
                <p>1. Valid EB.LOOKUP option field, with prefix AA.LIMIT.MATURITY*</p>
                <p>2. Currently supports MATURITY.DATE, RENEWAL.DATE, LIMIT.MATURITY.DATE.</p>
                <p>3. Allowed option for External Financial Product line is LIMIT.MATURITY.DATE</p>
            </desc>
        </t>
        <t>
            <field>ALLOW.NETTING</field>
            <desc>
                <p>If the account does not exclusively use a Limit, the user can specify that any credit balance of the account can be added to the overall overdraft limit available to other accounts with the same limit reference</p>
                <p/>
                <p/>
                <p>    YES or NO</p>
            </desc>
        </t>
        <t>
            <field>LIMIT.MATURITY.DATE</field>
            <desc>
                <p>LIMIT.MATURITY.DATE is to capture a date which has to be taken as Maturity date for the time band in case the LIMIT.MATURITY is chosen as LIMIT.MATURITY.DATE</p>
                <p/>
                <p>Validation rules</p>
                <p>1. Valid T24 Date field.</p>
                <p>2. Field value ignored if LIMIT.MATURITY is not chosen as LIMIT.MATURITY.DATE</p>
            </desc>
        </t>
        <t>
            <field>LIMIT.REFERENCE</field>
            <desc>
                <p>Input a limit reference if the primary owner of the arrangement has a credit limit.</p>
                <p>    The corresponding Limit record is checked and if it covers the new &quot;working balance&quot;, the transaction will be accepted. An override will be displayed if this is not the case.</p>
                <p>    If no limit reference is specified and the &quot;working balance&quot; goes into debit, an override message will be displayed to alert to an unauthorised overdraft.</p>
                <p/>
                <p/>
                <p>      Must be a valid record ID from LIMIT.REFERENCE</p>
            </desc>
        </t>
        <t>
            <field>LIMIT.SERIAL</field>
            <desc>
                <p>This field is used to store the limit reference serial number. This can be set to either a valid limit reference serial number or &quot;NEW&quot;. When &quot;NEW&quot; input is given, system would create a default system maintained limit record. When a serial number is given, there should be a valid underlying limit record with the given limit reference and serial.no in the system, else validation error would be thrown. For limit records which are managed within AA, system would not allow to edit the record using limit application.</p>
                <p>Validation Rules</p>
                <p>Can be either a valid serial no. or &quot;NEW&quot;</p>
                <p>Optional Field</p>
            </desc>
        </t>
        <t>
            <field>MANAGE.LIMIT</field>
            <desc>
                <p>The field is used to specify if an AR arrangement limit is managed within AA or outside of AA for ACCOUNTS product line arrangements. When AA maintains the limits for AR accounts, this field would be set to YES else it would be set NO or null. This field is system maintained.</p>
                <p>Validation Rules</p>
                <p>Would be either YES or NO</p>
                <p>System maintained</p>
                <p>Field applicable only for AR arrangements</p>
            </desc>
        </t>
        <t>
            <field>NEGOTIATED.FLDS</field>
            <desc>
                <p>No input and multi value field that lists the attributes on the arrangement property record that have been fixed and/or negotiated. These are stored when the arrangement level record is committed. When the arrangement level record is next used all items in the NEGOTIATED.FIELDS list will be maintained.</p>
                <p>Once an attribute has been fixed or negotiated it will remain in negotiated field list on all subsequent dated versions of the property.</p>
            </desc>
        </t>
        <t>
            <field>NR.ATTRIBUTE</field>
            <desc>
                <p>Defines which individual attribute (field) has the negotiation rules defined in fields &quot;Nr.Negotiable&quot; through to &quot;Nr.Message&quot;</p>
                <p/>
                <p/>
                <p>Must be a valid field name within this property</p>
                <p>This field is part of a multi value set</p>
            </desc>
        </t>
        <t>
            <field>NR.ATTRIBUTE.RULE</field>
        </t>
        <t>
            <field>NR.MESSAGE</field>
            <desc>
                <p>This field indicates whether to raise error or override message when rule is broken</p>
                <p>Allows only two values ERROR or OVERRIDE</p>
                <p>ERROR error message is raised</p>
                <p>OVERRIDE Override message is generated</p>
                <p/>
            </desc>
        </t>
        <t>
            <field>NR.OPTIONS</field>
            <desc>
                <p>Defines named values to indicate if an option applies to the associated NR.ATTRIBUTE. More than one option can be associated with the NR.ATTRIBUTE, with certain restrictions.</p>
                <p/>
                <p/>
                <p>Valid Inputs are NEGOTIABLE, NON-NEGOTIABLE, OVERRIDE, FIX-VALUE, MANDATORY as described below: -</p>
                <p/>
                <p>NEGOTIABLE</p>
                <p>The value of NEGOTIABLE will indicate that the associated NR.ATTRIBUTE can be negotiated at the arrangement level.</p>
                <p/>
                <p>NON-NEGOTIABLE</p>
                <p>The value of NON-NEGOTIABLE will indicate that the associated NR.ATTRIBUTE cannot be negotiated at the arrangement level. Both NEGOTIABLE and NON-NEGOTIABLE cannot be defined together</p>
                <p/>
                <p>OVERRIDE</p>
                <p>Specifies if a default override message should be generated if the default attribute is amended at the arrangement level. If OVERRIDE is not specified, no override will be generated.</p>
                <p/>
                <p>FIX-VALUE</p>
                <p>Specified if the field value is to be fixed at the arrangement level. If FIX-VALUE is not specified the field value will vary with the changes to the underlying product condition.</p>
                <p/>
                <p>MANDATORY</p>
                <p>Specifies if the attribute is mandatory for this product condition. Can only be specified where the attribute is not defined as mandatory in the property class.</p>
            </desc>
        </t>
        <t>
            <field>NR.STD.COMP</field>
            <desc>
                <p>It is possible to define negotiation rules in EB.COMPARISON.TYPE.</p>
                <p/>
                <p/>
                <p/>
                <p>Input must be a valid record from EB.STANDARD.COMPARISON</p>
            </desc>
        </t>
        <t>
            <field>CHANGED.FIELDS</field>
            <desc>
                <p>No input and multi value field - lists all fields that have been negotiated for each dated version of the property. For a subsequently dated property, the attributes listed in this field will appear in &quot;Negotiated.Fields&quot; and only newly negotiated fields will appear on &quot;Changed.Fields&quot;</p>
                <p/>
                <p/>
            </desc>
        </t>
        <t>
            <field>NR.TYPE</field>
            <desc>
                <p>Defines the negotiation rule that is linked to the field defined in &quot;Nr.Attribute&quot;. If an attribute has a negotiation rule linked to it (in associated fields NR.TYPE, NR.VALUE and NR.MESSAGE) the attribute must be defined as negotiable.</p>
                <p>It is possible to define more than one negotiation rule for an attribute</p>
                <p/>
                <p/>
                <p>Input must be a valid record from EB.COMPARISON.TYPE</p>
                <p>This is a multi value set of fields</p>
            </desc>
        </t>
        <t>
            <field>NR.VALUE</field>
            <desc>
                <p>Defines the value that links to the rule in field &quot;Nr.Type&quot;</p>
            </desc>
        </t>
        <t>
            <field>NR.VALUE.SOURCE</field>
        </t>
        <t>
            <field>OD.PERIOD</field>
            <desc>
                <p>This field is used to define the period on which the corresponding status in OD.STATUS applies</p>
                <p/>
                <p>Validation Rules</p>
                <p/>
                <p>Maximum 6 digits allowed, reppresents the days from the first overdraft date</p>
            </desc>
        </t>
        <t>
            <field>OD.STATUS</field>
            <desc>
                <p>This field is used to trigger the overdraft processing if the activity that has made the account go into overdraft has been initiated by the either,</p>
                <p/>
                <p>CUSTOMER - Aging status to be evaluated only for customer initiated transactions</p>
                <p>ALL - Aging status to be evaluated for all transactions</p>
                <p>NULL - No aging will be triggered</p>
            </desc>
        </t>
        <t>
            <field>OVERRIDE</field>
            <desc>
                <p>Standard Override field containing override messages generated by amendments to this property</p>
                <p/>
            </desc>
        </t>
        <t>
            <field>OWNING.COMPANY</field>
            <desc>
                <p>This field is used to capture the T24 Company(ies) that own the Product Condition record. There is no functionality attached to this field and can be used only for access control through SMS verification.</p>
                <p/>
                <p>The input in this field must be a valid record in company table and should belong to current financial group.</p>
                <p/>
                <p>This is a multi value field. Input in this field is optional.</p>
            </desc>
        </t>
        <t>
            <field>PR.APP.METHOD</field>
            <desc>
                <p>This field denotes the application method that needs to be applied to the periodic rule charges.</p>
                <p>Allowed values are</p>
                <p>Due - The periodic rule charges are made due</p>
                <p>Capitalise - The periodic rule charges are capitalised</p>
                <p/>
            </desc>
        </t>
        <t>
            <field>PR.APP.PERIOD</field>
            <desc>
                <p>This field denotes the application period for the given periodic rule charges.</p>
                <p>The periodic rule charges will be applied at the end of the period. If the value defined is zero, then the charges are applied immediately.</p>
                <p>Standard T24 period field.</p>
                <p/>
            </desc>
        </t>
        <t>
            <field>PR.ATTRIBUTE</field>
            <desc>
                <p>These are set of Attributes which define the names of the rule, which will be applied on certain attributes of property classes over a period of time.</p>
                <p/>
                <p/>
                <p>Input must be a valid record from AA.PERIODIC.ATTRIBUTE</p>
            </desc>
        </t>
        <t>
            <field>CREDIT.CHK.CONDITION</field>
            <desc>
                <p>Field to decide if credit check processing to be performed for the account based on the conditions defined in the field CREDIT.CHK.TXN.TYPE</p>
                <p>Validation Rules:</p>
                <p>Optional Field </p>
                <p>Field can be input only through  AR Arrangement </p>
                <p>Yes/NULL - Credit Check Processing will be done         </p>
                <p>No - Credit Check Processing will not be done</p>
            </desc>
        </t>
        <t>
            <field>PR.BRK.CHARGE</field>
            <desc>
                <p>Charge can be collected when the periodic rule is broken</p>
                <p>This field denotes the charge property. The property and its condition is</p>
                <p>defined the product designer and validated during publishing</p>
                <p/>
                <p/>
                <p>Valid charge property</p>
            </desc>
        </t>
        <t>
            <field>PR.BRK.MSG</field>
            <desc>
                <p>Based on the PR.BRK.RES option selected, this will hold either an OVERRIDE or EB.ERROR id. By default the ids will be picked from the associated EB.COMPARISON.TYPE record. If CAP or FLOOR values are given, then the underlying AA.PERIODIC.ATTRIBUTE.CLASS should have this type defined in it.</p>
                <p/>
                <p/>
                <p>Input must be a valid OVERRIDE ID or EB.ERROR ID.</p>
            </desc>
        </t>
        <t>
            <field>PR.BRK.RES</field>
            <desc>
                <p>When a rule is broken what action needs to be taken is defined here. Currently, the various options available are </p>
                <p/>
                <p>Error block further processing</p>
                <p>Override Give an override</p>
                <p>Information  Record details only</p>
                <p>CAP the rule value is to be used as a CAP if the rule is broken</p>
                <p>FLOOR the rule value is to be used as a FLOOR if the rule is broken</p>
                <p/>
                <p/>
                <p>Should be one of the above valid options</p>
            </desc>
        </t>
        <t>
            <field>PR.RESERVED.1</field>
        </t>
        <t>
            <field>PR.RESERVED.2</field>
        </t>
        <t>
            <field>PR.RESERVED.3</field>
        </t>
        <t>
            <field>PR.VALUE</field>
            <desc>
                <p>This is the actual rule value, which will be applied on certain attributes of the property classes over a period of time.</p>
                <p/>
                <p/>
                <p>Input must be a valid data type defined in the corresponding</p>
                <p>AA.PERIODIC.ATTRIBUTE.CLASS record.</p>
            </desc>
        </t>
        <t>
            <field>PRODUCT.KEY</field>
            <desc>
                <p>This field represents the key to the product level conditions of a property class</p>
                <p>This field basically has three components seperated by a hyphen</p>
                <p>Condition id</p>
                <p>Currency - if the property class is currency based. By default takes up local currency</p>
                <p>Effective date - if the property class is dated</p>
                <p/>
            </desc>
        </t>
        <t>
            <field>REVIEW.FREQ</field>
            <desc>
                <p>Specifies the next date on which the limit is to be reviewed. This field is mapped to LIMIT record linked to the Arrangement.</p>
                <p/>
                <p>Validation Rules:</p>
                <p>Standard T24 frequency code.</p>
                <p>The first review date must not be later than the Limit EXPIRY.DATE.</p>
            </desc>
        </t>
        <t>
            <field>SECONDARY.LIMIT.AMT</field>
            <desc>
                <p>Field to define Secondary Limit Amount to be used for the purpose of Secondary Limit Check.</p>
                <p>The Secondary Limit Amount defined in this field will be represented in respective account currency</p>
                <p>Validation Rules:</p>
                <p>Optional Field</p>
                <p>Field can be input only through AR Arrangement</p>
                <p>Standard amount format</p>
            </desc>
        </t>
        <t>
            <field>CREDIT.CHK.TXN.TYPE</field>
            <desc>
                <p>Field to define credit checking conditions in conjunction with the field CREDIT.CHK.CONDITION</p>
                <p>Validation Rules:</p>
                <p>Optional Field </p>
                <p>Field can be input only through AR Arrangement </p>
                <p>EXTERNAL - Credit Checking Condition defined in the field CREDIT.CHK.CONDITION will be considered only for transaction codes marked as External </p>
                <p>INTERNAL - Credit Checking Condition defined in the field CREDIT.CHK.CONDITION will be considered only for transaction codes marked as Internal </p>
                <p>NULL - Credit Checking Condition defined in the field CREDIT.CHK.CONDITION will be considered only for transaction codes marked as Internal as well External </p>
                <p/>
            </desc>
        </t>
        <t>
            <field>SINGLE.LIMIT</field>
            <desc>
                <p>Defines whether the Limit listed in &quot;Limit.Reference&quot; is for exclusive use of the Arrangement Account.</p>
                <p/>
                <p/>
                <p>      YES or NO</p>
            </desc>
        </t>
        <t>
            <field>STMT.NOS</field>
            <desc>
                <p>System field - not used for property conditions</p>
                <p/>
            </desc>
        </t>
        <t>
            <field>SYS.RESERVE1</field>
            <desc>
                <p>System field - reserved for future use</p>
                <p/>
            </desc>
        </t>
        <t>
            <field>SYS.RESERVE2</field>
            <desc>
                <p>System field - reserved for future use</p>
                <p/>
            </desc>
        </t>
        <t>
            <field>SYS.RESERVE3</field>
            <desc>
                <p>System field - reserved for future use</p>
                <p/>
            </desc>
        </t>
        <t>
            <field>SYS.RESERVE4</field>
            <desc>
                <p>System field - reserved for future use</p>
                <p/>
            </desc>
        </t>
        <t>
            <field>SYS.RESERVE6</field>
            <desc>
                <p>System field - reserved for future use</p>
                <p/>
            </desc>
        </t>
        <t>
            <field>SYS.RESERVE7</field>
            <desc>
                <p>System field - reserved for future use</p>
                <p/>
            </desc>
        </t>
        <t>
            <field>TARGET.PRODUCT</field>
            <desc>
                <p>This field denotes the target classic product of the given property class</p>
                <p/>
                <p>The already existing T24 products are mapped using AA infrastructure</p>
                <p>These are called classic products</p>
                <p>These products are mapped to different property clases</p>
                <p/>
            </desc>
        </t>
        <t>
            <field>TOLERANCE.AMT</field>
            <desc>
                <p>When the overdue amount is less than or equal to this amount aging processing will not be done for the arrangement</p>
                <p/>
                <p>Validation rules</p>
                <p/>
                <p>Mandatory when TOLERANCE.CCY is input</p>
            </desc>
        </t>
        <t>
            <field>CUSTOMER.OD.STATUS</field>
            <desc>
                <p>This field is used to trigger the overdraft processing if the activity that has made the account go into overdraft has been initiated by the either,</p>
                <p/>
                <p>CUSTOMER - Aging status to be evaluated only for customer initiated transactions</p>
                <p>ALL - Aging status to be evaluated for all transactions</p>
                <p>NULL - No aging will be triggered</p>
            </desc>
        </t>
        <t>
            <field>TOLERANCE.CCY</field>
            <desc>
                <p>The currency in which tolerance amount to be checked. If not specified then local currency will be used to check tolerance</p>
                <p/>
                <p>Validation Rules</p>
                <p/>
                <p>Optional Input</p>
                <p>Must be a valid record in CURRENCY table</p>
            </desc>
        </t>
        <t>
            <field>USE.SECONDARY.LIMIT</field>
            <desc>
                <p>If this field is set to NO then SECONDARY.LIMIT.AMT would be defaulted to zero</p>
                <p>If this field is set to YES then any user inputted value (valid amount/zero/blank) are allowed in SECONDARY.LIMIT.AMT field</p>
                <p/>
            </desc>
        </t>
        <t>
            <field>DEFAULT.ATTR.OPTION</field>
            <desc>
                <p>Optional field - Allowed Values are RESETTING and NON-RESETTING.</p>
                <p/>
                <p> RESETTING - During any Renewal Activities (for eg : change.product, rollover or reset) the property conditions will be reset from the product.</p>
                <p/>
                <p> NON-RESETTING - During any Renewal Activities property conditions will be maintained from the Arrangement level.</p>
                <p/>
                <p> Leaving the field blank sets NON-RESETTING as the default option.</p>
                <p/>
            </desc>
        </t>
        <t>
            <field>DEFAULT.NEGOTIABLE</field>
            <desc>
                <p>Defines whether all attributes (fields) can be negotiable or not.</p>
                <p/>
                <p/>
                <p>This field is Mandatory</p>
                <p>Valid options are YES and NO</p>
            </desc>
        </t>
        <t>
            <field>DESCRIPTION</field>
            <desc>
                <p>Describes this condition record and is used for enrichment.</p>
                <p/>
                <p>This field can be expanded to allow the User to enter the Description of the property condition in various languages. Each expansion of the field will correspond to a new Language as defined in the LANGUAGE table (Ref: GENERAL TABLES), and will indicate to the User the Language in which the Description must be entered.</p>
                <p/>
                <p/>
                <p>Up to 35 type A (alphanumeric) characters</p>
                <p/>
            </desc>
        </t>
        <t>
            <field>EXPIRY.DATE</field>
            <desc>
                <p>Used to give the expiry date of the limit which is managed from within AA. Input allowed when manage limit is set to YES or LIMIT.SERIAL is set to &quot;NEW&quot;.</p>
                <p>Validation Rules</p>
                <p>Should be a valid date and cannot be less than today</p>
            </desc>
        </t>
    </menu>
</t24help>
