<?xml version="1.0" encoding="utf-8"?>
<t24help>
    <header>
        <product>AA</product>
        <table>AA.PERIODIC.ATTRIBUTE</table>
    </header>
    <menu>
        <t>
            <field>DESCRIPTION</field>
            <desc>
                <p>Define the description of the AA.PERIODIC.ATTRIBUTE</p>
            </desc>
        </t>
        <t>
            <field>PR.ATTR.CLASS</field>
            <desc>
                <p>Mention the PERIODIC.ATTRIBUTE.CLASS</p>
            </desc>
        </t>
        <t>
            <field>PERIOD.TYPE</field>
            <desc>
                <p>Specify the PERIOD.TYPE</p>
            </desc>
        </t>
        <t>
            <field>PERIOD</field>
            <desc>
                <p>Specify the PERIOD</p>
            </desc>
        </t>
        <t>
            <field>DATE.TYPE</field>
            <desc>
                <p>Mention the DATE.TYPE</p>
            </desc>
        </t>
        <t>
            <field>RULE.START</field>
            <desc>
                <p>Specify the RULE.START</p>
            </desc>
        </t>
        <t>
            <field>RESTRICTION.PERIOD</field>
            <desc>
                <p>Mention the RESTRICTION.PERIOD</p>
            </desc>
        </t>
        <t>
            <field>RULE.START.PERIOD</field>
            <desc>
                <p>Mention the start period for the rule</p>
            </desc>
        </t>
        <t>
            <field>RULE.END.PERIOD</field>
            <desc>
                <p>Mention the end period for the rule</p>
            </desc>
        </t>
        <t>
            <field>RULE.ERR.MSG</field>
            <desc>
                <p>Define the error message for the rule</p>
            </desc>
        </t>
        <t>
            <field>RULE.OVE.MSG</field>
            <desc>
                <p>Define the override message for the rule</p>
            </desc>
        </t>
        <t>
            <field>COMPARISON.TYPE</field>
            <desc>
                <p>Helptext not available</p>
            </desc>
        </t>
    </menu>
</t24help>
