<?xml version="1.0" encoding="utf-8"?>
<t24help>
    <header>
        <product>AA</product>
        <table>AA.PRD.DES.ACTIVITY.CHARGES</table>
    </header>
    <menu>
        <t>
            <field>DESCRIPTION</field>
            <desc>
                <p>Give the descriptions for the IDs</p>
            </desc>
        </t>
        <t>
            <field>ACTIVITY.ID</field>
            <desc>
                <p>Specify the activity for which the charges are applicable</p>
            </desc>
        </t>
        <t>
            <field>CHARGE</field>
            <desc>
                <p>Specify the charge that would be collected when the corresponding activity is triggered</p>
            </desc>
        </t>
        <t>
            <field>APP.PERIOD</field>
            <desc>
                <p>Indicate the period for which the application method will be applicable</p>
            </desc>
        </t>
        <t>
            <field>APP.METHOD</field>
            <desc>
                <p>Specify the method to be adopted while applying activity charges</p>
            </desc>
        </t>
        <t>
            <field>CHARGE.AUTO.SETTLE</field>
            <desc>
                <p>Helptext not available</p>
            </desc>
        </t>
        <t>
            <field>AUTO.SETTLE</field>
            <desc>
                <p>Helptext not available</p>
            </desc>
        </t>
        <t>
            <field>SETTLE.ACTIVITY</field>
            <desc>
                <p>Define the repayment activity to be triggered when there is unallocated credit balance</p>
            </desc>
        </t>
        <t>
            <field>DEFAULT.NEGOTIABLE</field>
            <desc>
                <p>Indicate if all fields are negotiable.</p>
            </desc>
        </t>
        <t>
            <field>DEFAULT.ATTR.OPTION</field>
            <desc>
                <p>Define if the renewal conditions are to be reset from the product or not.</p>
            </desc>
        </t>
        <t>
            <field>NR.ATTRIBUTE</field>
            <desc>
                <p>Mention the attributes which have the defined negotiation rules set</p>
            </desc>
        </t>
        <t>
            <field>NR.OPTIONS</field>
            <desc>
                <p>Indicate a value applicable to the associated NR.ATTRIBUTE</p>
            </desc>
        </t>
        <t>
            <field>NR.TYPE</field>
            <desc>
                <p>Define the negotiation rule that needs to be linked to the field defined in NR.ATTRIBUTE</p>
            </desc>
        </t>
        <t>
            <field>NR.VALUE</field>
            <desc>
                <p>Define the value that links to the rule in field NR.RULE</p>
            </desc>
        </t>
        <t>
            <field>NR.MESSAGE</field>
            <desc>
                <p>Indicate whether to raise an ERROR message or an OVERRIDE message when the rule is broken</p>
            </desc>
        </t>
    </menu>
</t24help>
