<?xml version="1.0" encoding="utf-8"?>
<t24help>
<header>
<product>AA</product>
<table>AA.PRODUCT.LINK</table>
</header>
<overview>
<ovdesc>

            <p>The AA module has provided a ‘classic catalogue’ option that allows AC, AZ, LD and MG product parameter tables to be built using the AA product structure.The principles of the AA design allow the different elements in the applications to be specified and re-used in the product structure. When the product is published the existing application parameter is updated by mapping the property content into the parameter. Any other product can be added using OTHER product line.</p>
            <p />
            <p>   The Product Line “OTHER” will not contain any PROPERTY.CLASSES.  AA.PRODUCT.LINK can be used to define the linkage between the products and classic applications to be defined.</p>
        </ovdesc>
<ovimage></ovimage>
</overview>
<menu>
<t>
<field>PRODUCT.NAME</field>
<desc>
            <p />
            <p>  This field represents the id of the file AA.PRODUCT.LINK.. The required product name is mentioned.</p>
        </desc>
</t>
<t>
<field>DRILL.DOWN.4</field>
<desc>
            <p />
            <p>  Drilldown option for the enquiry.</p>
        </desc>
</t>
<t>
<field>DESCRIPTION</field>
<desc>
            <p />
            <p>  This field allows to define description for the product.</p>
            <p />
            <p>  Standard T24 language field</p>
        </desc>
</t>
<t>
<field>DRILL.DOWN.2</field>
<desc>
            <p />
            <p>  A simple enquiry will be provided listing the product catalogue and allowing drilldown options.</p>
            <p> The second drilldown will allow a deal request to be initiated</p>
        </desc>
</t>
<t>
<field>DRILL.DOWN.1</field>
<desc>
            <p />
            <p>  A simple enquiry will be provided listing the product catalogue and allowing drilldown options.</p>
            <p> The first drilldown option will allow the underlying application parameter to be viewed.</p>
            <p />
        </desc>
</t>
<t>
<field>DRILL.DOWN.3</field>
<desc>
            <p />
            <p>    A simple enquiry will be provided listing the product catalogue and allowing drilldown options.</p>
            <p> The third drilldown will allow a further enquiry to be initiated..</p>
            <p />
        </desc>
</t>
<t>
<field>CRITERIA.1</field>
<desc>
            <p />
            <p>   Selection criteria can be defined for launching the enquiry. This field represents the first criteria</p>
        </desc>
</t>
<t>
<field>CRITERIA.2</field>
<desc>
            <p />
            <p>   Selection criteria can be defined for launching the enquiry. This field represents the second criteria</p>
        </desc>
</t>
<t>
<field>CRITERIA.3</field>
<desc>
            <p />
            <p>  Selection criteria can be defined for launching the enquiry. This field represents the third criteria</p>
        </desc>
</t>
<t>
<field>CRITERIA.4</field>
<desc>
            <p />
            <p>   Selection criteria can be defined for launching the enquiry. This field represents the fourth criteria</p>
        </desc>
</t>
</menu>
</t24help>

