<?xml version="1.0" encoding="utf-8"?>
<t24help xmlns:xsi="http://www.w3.org/2001/XMLSchema-instance">
    <header>
        <product>AA</product>
        <table>AA.PARAMETER</table>
    </header>
    <menu>
        <t>
            <field>ACTIVITY.INTEGRITY.CHECK</field>
            <desc>
                <p>Indicates whether system needs to run ‘AA Integrity checks’ when an activity is performed. When this field is flagged, ALL activities performed on ALL arrangements would be checked for integrity during run time of that activity itself(rather than being found in a service later on in COB). It is imperative that as part of integrity, system performs additional checks and when it finds any abnormality, it records the details as part of AA.EXCEPTION.LOG. The default setting is NULL which means no checks and has to be forcefully switched on if the checks have to be done.</p>
            </desc>
        </t>
        <t>
            <field>ARCHIVE.ACTIVITIES</field>
            <desc>
                <p>This field denotes the threshold value for activities to be moved from LIVE file to AA.ACTIVITY.HISTORY.HIST table. If the value stated is say 50, when system crosses the 50th activity, it marks the table for archiving. During COB, when the archiving process runs as part of AA.ARCHIVE.SERVICE, (this could be run as online service as well – service name AA.AH.ARCHIVE.SERVICE), system moves the 50 activity multi-values to AA.ACTIVITY.HISTORY.HIST table. When backdated activities are performed prior to this date, system automatically restores the content from HIST file where relevant and when the processing is complete, again marks the arrangement for archival which would be picked in COB process or online service.</p>
            </desc>
        </t>
        <t>
            <field>ARCHIVE.BILLS</field>
            <desc>
                <p>This field denotes the threshold value for settled bills to be moved from LIVE file to AA.BILL.DETAILS.HIST table. If the value stated is say 20, when system creates the 21st bill, it marks the table for archiving. During COB, when the archiving process runs(this could be run online as well – service name AA.BILL.ARCHIVE.SERVICE), system moves the 20 bills to AA.BILL.DETAILS.HIST table. When moving so, it also removes the content from the live AA.ACCOUNT.DETAILS of these bill references.</p>
            </desc>
        </t>
        <t>
            <field>COMPANY.CODE</field>
            <desc>
                <p>Indicates the key to this table. It accepts COMPANY code if the definition needs to be defined per company. If a system wide configuration needs to be defined, then a key of SYSTEM needs to be used.</p>
            </desc>
        </t>
        <t>
            <field>INTEGRITY.CHECK.ROUTINE</field>
            <desc>
                <p>Help Text for this field is unavailable.  Please refer to the T24 User Guides for further information.</p>
            </desc>
        </t>
        <t>
            <field>RETAIN.ACTIVITIES</field>
            <desc>
                <p>Indicates the number of activities that needs to be retained when the archiving is performed. Even though the user might want to archive when the activity count is greater than 50(ARCHIVE.ACTIVITIES field), he might want to retain the last 5 activities so that there is some residual content and it is not completely empty. Links to ARCHIVE.ACTIVITIES and cannot be greater or equal to that.</p>
            </desc>
        </t>
        <t>
            <field>RETAIN.BILLS</field>
            <desc>
                <p>Indicates the number of bills that needs to be retained when the archiving is performed. Even though the user might want to archive when the bill count is greater than 20(ARCHIVE.ACTIVITIES field), he might want to retain the last 3 bills so that there is some residual content and the file is not completely empty. Links to ARCHIVE.BILLS and cannot be greater or equal to that.</p>
            </desc>
        </t>
        <t>
            <field>AGENT.BULK.NO</field>
            <desc>
                <p>Indicates the count for agent charge activities to be clubbed into a single bill. Based on this field, system will create a charge bill at agent side as consolidated. For Example, If this field is set as  50 then upon reaching 50 charge activities from financial side system agent system will post the consolidated bill for these 50 charges at agent side. This consolidation will happen based on the agent per commission property for the same day.</p>
            </desc>
        </t>
        <t>
            <field>ARCHIVE.SAME.DAY.COUNT</field>
            <desc>
                <p>Indicates the count of activities within a single date required to trigger archival processing. Validation - Mandatory to specify retain count if count of activities archive specified.</p>
            </desc>
        </t>
        <t>
            <field>RETAIN.SAME.DAY.COUNT</field>
            <desc>
                <p>Indicates the count of activities that has to be retained in the AA.ACTIVITY.HISTORY table during archival process. Validation - Mandatory to specify archive count if count of activities retain specified.</p>
            </desc>
        </t>            
    <t><field>ARCHIVE.SAME.DAY.CNT</field><desc><p>Help Text for this field is unavailable.  Please refer to the T24 User Guides for further information.</p></desc></t><t><field>RETAIN.SAME.DAY.CNT</field><desc><p>Help Text for this field is unavailable.  Please refer to the T24 User Guides for further information.</p></desc></t></menu>
</t24help>
