<?xml version="1.0" encoding="utf-8"?>
<t24help>
    <header>
        <product>AA</product>
        <table>AA.PRD.DES.LIMIT</table>
    </header>
    <menu>
        <t>
            <field>DESCRIPTION</field>
            <desc>
                <p>Please provide the description for the current record</p>
            </desc>
        </t>
        <t>
            <field>LIMIT.REFERENCE</field>
            <desc>
                <p>Input a limit reference if the primary owner of the arrangement has a credit limit.</p>
            </desc>
        </t>
        <t>
            <field>LIMIT.SERIAL</field>
            <desc>
                <p>Specify the actual serial number of the LIMIT.REFERENCE record or input the value as NEW</p>
            </desc>
        </t>
        <t>
            <field>LIMIT.AMOUNT</field>
            <desc>
                <p>Indicate the amount for limits which are managed from AA. </p>
            </desc>
        </t>
        <t>
            <field>EXPIRY.DATE</field>
            <desc>
                <p>Specify the expiry date of the limits which are managed from AA</p>
            </desc>
        </t>
        <t>
            <field>REVIEW.FREQ</field>
            <desc>
                <p>Indicate the frequency for the review of limits which are managed from AA</p>
            </desc>
        </t>
        <t>
            <field>SINGLE.LIMIT</field>
            <desc>
                <p>Define whether the Limit listed in LIMIT.REFERENCE field is for exclusive use of the Arrangement Account</p>
            </desc>
        </t>
        <t>
            <field>ALLOW.NETTING</field>
            <desc>
                <p>Please specify if any credit balance of the account can be added to the overall overdraft limit available to other accounts with the same limit reference</p>
            </desc>
        </t>
        <t>
            <field>DEFAULT.NEGOTIABLE</field>
            <desc>
                <p>Indicate if all fields are negotiable.</p>
            </desc>
        </t>
        <t>
            <field>DEFAULT.ATTR.OPTION</field>
            <desc>
                <p>Define if the renewal conditions are to be reset from the product or not.</p>
            </desc>
        </t>
        <t>
            <field>NR.ATTRIBUTE</field>
            <desc>
                <p>Mention the attributes which have the defined negotiation rules set</p>
            </desc>
        </t>
        <t>
            <field>NR.OPTIONS</field>
            <desc>
                <p>Indicate a value applicable to the associated NR.ATTRIBUTE</p>
            </desc>
        </t>
        <t>
            <field>NR.TYPE</field>
            <desc>
                <p>Define the negotiation rule that needs to be linked to the field defined in NR.ATTRIBUTE</p>
            </desc>
        </t>
        <t>
            <field>NR.VALUE</field>
            <desc>
                <p>Define the value that links to the rule in field NR.RULE</p>
            </desc>
        </t>
        <t>
            <field>NR.MESSAGE</field>
            <desc>
                <p>Indicate whether to raise an ERROR message or an OVERRIDE message when the rule is broken</p>
            </desc>
        </t>
    </menu>
</t24help>
