<?xml version="1.0" encoding="utf-8"?>
<t24help xmlns:xsi="http://www.w3.org/2001/XMLSchema-instance">
    <header>
        <product>AA</product>
        <title>AA.QUOTATION.TYPE</title>
        <table>AA.QUOTATION.TYPE</table>
    </header>
    <overview>
        <ovdesc>
            <p>This table is system mainted and is updated when a new QuotationType is defined in AA.DEFINITION.MANAGER</p>
        </ovdesc>
    </overview>
    <menu>
        <t>
            <field>AVAILABLE.DATE</field>
        </t>
        <t>
            <field>DESCRIPTION</field>
        </t>
        <t>
            <field>EXPIRY.DATE</field>
        </t>
        <t>
            <field>LAST.PUBLISHED</field>
        </t>
        <t>
            <field>NAME</field>
        </t>
        <t>
            <field>QUOTATION.TYPE</field>
        </t>
        <t>
            <field>STATUS</field>
        </t>
    <t><field>CLASS.NAME</field><desc><p>Help Text for this field is unavailable.  Please refer to the T24 User Guides for further information.</p></desc></t></menu>
</t24help>
