<?xml version="1.0" encoding="utf-8"?>
<t24help>
<header>
<product>AA</product>
<table>AA.RETAIL.LENDING</table>
</header>
<overview>
<ovdesc>

            <p>This table is used to capture the Arrangement and Limit details from the user in the AA Retail Lending Process workflow</p>
        </ovdesc>
<ovimage></ovimage>
</overview>
<menu>
<t>
<field>RL.EFFECTIVE.DATE</field>
<desc>
            <p>Defines the date from which the Arrangement will be effective</p>
            <p>
                <p>Validation Rules:</p>
            </p>
            <p>Standard date format</p>
        </desc>
</t>
<t>
<field>RL.SECURED</field>
<desc>
            <p>Denotes whether the Limit is Secured/Unsecured Limit. If set to YES (secured Limit),  then Collateral right and Collateral is to be created for this Limit.</p>
            <p>
                <p>Validation Rules:</p>
            </p>
            <p>Accepts values YES/NO</p>
            <p>Default is NULL</p>
        </desc>
</t>
<t>
<field>RL.PRODUCT.GROUP</field>
<desc>
            <p>Specifies the Product group of the arrangement to be created. </p>
            <p>
                <p>Validation Rules:</p>
            </p>
            <p>Must be a valid record in AA.PRODUCT.GROUP table</p>
        </desc>
</t>
<t>
<field>RL.PRODUCT.NAME</field>
<desc>
            <p>Specifies the Product of the Arrangement to be created.</p>
            <p>
                <p>Validation Rules:</p>
            </p>
            <p>Must be a valid record in AA.PRODUCT table</p>
        </desc>
</t>
<t>
<field>RL.LIMIT.REQD</field>
<desc>
            <p>Specifies whether Limit is to be created for this Customer</p>
            <p>
                <p>Validation Rules:</p>
            </p>
            <p>Accepts values YES/NO</p>
            <p>Default is NULL</p>
        </desc>
</t>
<t>
<field>OVERRIDE</field>
<desc>
            <p>This is a multi valued field. </p>
            <p />
            <p>Standard T24 alphanumeric field.</p>
            <p />
            <p>
                <p>Validation Rules:</p>
            </p>
            <p>This is a NOINPUT field.</p>
            <p />
            <p />
        </desc>
</t>
<t>
<field>RL.CURRENCY</field>
<desc>
            <p>The Currency of the Arrangement/Limit to be created.</p>
            <p>
                <p>Validation Rules:</p>
            </p>
            <p>Must be a valid record in the CURRENCY table</p>
        </desc>
</t>
<t>
<field>RL.CUSTOMER</field>
<desc>
            <p>Denotes the Customer for whom the Arrangement/Limit is to be created.</p>
            <p>
                <p>Validation Rules:</p>
            </p>
            <p>Must be a valid record in the CUSTOMER table</p>
        </desc>
</t>
</menu>
</t24help>