<?xml version="1.0" encoding="utf-8"?>
<t24help xmlns:xsi="http://www.w3.org/2001/XMLSchema-instance">
    <header>
        <product>AA</product>
        <title>AA.SIMULATION.TYPE</title>
        <table>AA.SIMULATION.TYPE</table>
    </header>
    <overview>
        <ovdesc>
            <p>Simulation Type allows to define simulation activities and the data, i.e. the details required to be updated in AA.ARRANGEMENT.ACTIVITY and AA.SIM.XXX, where XXX is the property class for the Simulation to be processed for the defined activity. These then could be grouped to define a quotaton scenario for a Product Line</p>
        </ovdesc>
    </overview>
    <menu>
        <t>
            <field>PRODUCT.LINE</field>
            <desc>
                <p>Simulation Type defined only applies to the ProductLine defined in this field. Mandatory field</p>
            </desc>
        </t>
        <t>
            <field>SIMULATION.TYPE</field>
            <desc>
                <p>Describes the Id of the Simulation Type</p>
                <p/>
                <p>Validation Rules</p>
                <p>Text field with a maximum of 35 characters</p>
            </desc>
        </t>
        <t>
            <field>ACTIVITY</field>
            <desc>
                <p>The activity that is associated with the Simulation Type, i.e. when the activity that will be processed when the Simulation Type is included in the scenario in the Quotation Class. Mandatory field.</p>
            </desc>
        </t>
        <t>
            <field>DESCRIPTION</field>
            <desc>
                <p>Detailed description of the Simulation Type record, describing the Simulation Type definition and purpose</p>
            </desc>
        </t>
        <t>
            <field>INPUT</field>
            <desc>
                <p>Allows users to define a custom field name for the mapping definition which could be mapped either to AA.ARRANGEMENT.ACTIVITY field or to Property field</p>
                <p/>
                <p>Validation Rules</p>
                <p>Associated set of fields starting from this field to MAP.TO.PROPERTY.FIELD</p>
                <p>Mandatory when either MAP.TO.AAA.FIELD or MAP.TO.PROPERTY is defined</p>
                <p>Duplicates not allowed</p>
                <p>No special characters allowed except for .</p>
                <p>Only alphanumeric characters upto a maximum of 35 characters allowed</p>
            </desc>
        </t>
        <t>
            <field>INPUT.MADATORY</field>
            <desc>
                <p>Specifies if the mapping field defined in INPUT field is mandatory for the activity to be processed succesfully. Allowed values are "Yes" or "No". If no value is specified system would defult the value as "Yes"</p>
            </desc>
        </t>
        <t>
            <field>MAP.TO.AAA.FIELD</field>
            <desc>
                <p>When the field defined in INPUT needs to be mapped to AA.ARRANGEMENT.ACTIVITY the field name to which it needs to be mapped in AA.ARRANGEMENT.ACTIVITY is specified in this field. Either this field or MAP.TO.PROPERTY.FIELD is mandatory if any value is defined INPUT field</p>
            </desc>
        </t>
        <t>
            <field>MAP.TO.PROPERTY</field>
            <desc>
                <p>When the field defined in INPUT needs to be mapped to property , i.e. to AA.SIM.XXX where XXX is the property class, the field allows to capture the name of the property. Mandatory if any value is defined in INPUT field and no value is defined in MAP.TO.AAA.FIELD, i.e. either this field or MAP.TO.AAA.FIELD is mandatory when INPUT is defined</p>
            </desc>
        </t>
        <t>
            <field>MAP.TO.PROPERTY.FIELD</field>
            <desc>
                <p>When the field defined in INPUT needs to be mapped to property, the field to which it needs to be mapped in AA.SIM.XXX is specified in this field. Mandatory when MAP.TO.PROPERTY is defined</p>
            </desc>
        </t>
        <t>
            <field>NAME</field>
            <desc>
                <p>Short description of the Simulation Type record, describing the definition and purpose. Used for enrichment as well, when AA.SIMULATION.TYPE is defined VettingTable in any of the application</p>
            </desc>
        </t>
        <t>
            <field>OVERRIDE</field>
            <desc>
                <p>Standard HelptText for Override</p>
            </desc>
        </t>
    <t><field>INPUT.MANDATORY</field><desc><p>Help Text for this field is unavailable.  Please refer to the T24 User Guides for further information.</p></desc></t></menu>
</t24help>
