<?xml version="1.0" encoding="UTF-8"?>
<t24help xmlns:xsi="http://www.w3.org/2001/XMLSchema-instance">
    <header>
        <product>AA</product>
        <table>AA.SIM.PAYMENT.HOLIDAY</table>
    </header>
    <overview>
        <ovdesc>
            <p>Payment Holiday is a TRANSACTION class which can be used for requesting a Payment Holiday. When "Product Line-UPDATE-PAYMENT.HOLIDAY" is triggered, payment holiday transaction class will be presented to the user to capture the payment holiday request.</p>
            <p/>
            <p/>
        </ovdesc>
    </overview>
    <menu>
        <t>
            <field>PAYMENT.DATE</field>
            <desc>
                <p> Indicates the start date from which the payment holiday must commence. Need not be a schedule date. Payment holiday is effective from date greater than equal to this date. Payment Holiday request must always be for a future date.</p>
            </desc>
        </t>
        <t>
            <field>BILL.TYPE</field>
            <desc>
                <p>Indicates the BillType for which payment holiday is requested. Should be a BillType defined in Payment Schedule of the arrangement. </p>
                <p> Mutually Exclusive with PaymentType. Mandatory if PaymentType field is null.</p>
                <p/>
            </desc>
        </t>

        <t>
            <field>PAYMENT.TYPE</field>
            <desc>
            <p>Indicates the PaymentType for which payment holiday is requested. Should be a PaymentType defined in Payment Schedule of the arrangement. </p>
            <p> Mutually Exclusive with BillType. Mandatory if BillType field is null. </p>
                <p/>
                <p/>
            </desc>
        </t>
        <t>
            <field>NEW.PAYMENT.AMOUNT</field>
            <desc>
                <p>Indicates the new amount to be used for BillType / PaymentType when payment holiday is processed for the date sequences.  </p>
                <p> Amount entered will be adjusted against the properties which are not in restricted list in Payment schedule definition.</p>
                <p/>
            </desc>
        </t>
        <t>
            <field>NUMBER</field>
            <desc>
                <p>Indicates the number of payments in sequence for which the payment holiday applies.</p>
                <p/>
                <p/>
            </desc>
        </t>
        <t>
            <field>RECALCULATION</field>
            <desc>
                <p>    This field indicates which payment parameter to change when changes occur to payment schedule or when any specific activity is triggered on the arrangement.The recalculation types are:</p>
                <p>                   • Payment – the payment amount will be changed.</p>
                <p>                   • Progressive Payment – the payment amount will be incremented/decremented from the CALC.AMOUNT based on the % mentioned in the field PROG.PAY.PERC.</p>
                <p>                   • Term – the term of the arrangement will be altered.</p>
                <p>                   • Residual – the residual amount will be changed.</p>
                <p>                   • Nothing – the payments, term, and residual will be unchanged.  In this case a recalculation frequency should be specified. </p>
                <p>                   • Maturity then Payment – Calculation of Term happens first and then if the term exceeds the actual term, recalculation of payment amount is done. Term is adjusted to CAPed Term</p>
                <p/>
                <p>                   This field is part of a multi value set with ON.ACTIVITY field.</p>
                <p/>
                <p/>
                <p>                Input allowed should be either PAYMENT, PROGRESSIVE.PAYMENT, TERM, RESIDUAL or NOTHING, MATURITY.THEN.PAYMENT.</p>
                <p/>
                <p/>
            </desc>
        </t>
    <t><field>ARRANGEMENT.KEY</field><desc><p>Help Text for this field is unavailable.  Please refer to the T24 User Guides for further information.</p></desc></t><t><field>ACTIVITY</field><desc><p>Help Text for this field is unavailable.  Please refer to the T24 User Guides for further information.</p></desc></t><t><field>ACTION</field><desc><p>Help Text for this field is unavailable.  Please refer to the T24 User Guides for further information.</p></desc></t><t><field>PR.ATTRIBUTE</field><desc><p>Help Text for this field is unavailable.  Please refer to the T24 User Guides for further information.</p></desc></t><t><field>PR.VALUE</field><desc><p>Help Text for this field is unavailable.  Please refer to the T24 User Guides for further information.</p></desc></t><t><field>PR.BRK.RES</field><desc><p>Help Text for this field is unavailable.  Please refer to the T24 User Guides for further information.</p></desc></t><t><field>PR.BRK.MSG</field><desc><p>Help Text for this field is unavailable.  Please refer to the T24 User Guides for further information.</p></desc></t><t><field>PR.BRK.CHARGE</field><desc><p>Help Text for this field is unavailable.  Please refer to the T24 User Guides for further information.</p></desc></t><t><field>PR.APP.METHOD</field><desc><p>Help Text for this field is unavailable.  Please refer to the T24 User Guides for further information.</p></desc></t><t><field>PR.APP.PERIOD</field><desc><p>Help Text for this field is unavailable.  Please refer to the T24 User Guides for further information.</p></desc></t><t><field>OWNING.COMPANY</field><desc><p>Help Text for this field is unavailable.  Please refer to the T24 User Guides for further information.</p></desc></t><t><field>DEFAULT.ATTR.OPTION</field><desc><p>Help Text for this field is unavailable.  Please refer to the T24 User Guides for further information.</p></desc></t><t><field>DEFAULT.NEGOTIABLE</field><desc><p>Help Text for this field is unavailable.  Please refer to the T24 User Guides for further information.</p></desc></t><t><field>NR.ATTRIBUTE</field><desc><p>Help Text for this field is unavailable.  Please refer to the T24 User Guides for further information.</p></desc></t><t><field>NR.OPTIONS</field><desc><p>Help Text for this field is unavailable.  Please refer to the T24 User Guides for further information.</p></desc></t><t><field>NR.STD.COMP</field><desc><p>Help Text for this field is unavailable.  Please refer to the T24 User Guides for further information.</p></desc></t><t><field>NR.TYPE</field><desc><p>Help Text for this field is unavailable.  Please refer to the T24 User Guides for further information.</p></desc></t><t><field>NR.VALUE</field><desc><p>Help Text for this field is unavailable.  Please refer to the T24 User Guides for further information.</p></desc></t><t><field>NR.MESSAGE</field><desc><p>Help Text for this field is unavailable.  Please refer to the T24 User Guides for further information.</p></desc></t><t><field>CHANGED.FIELDS</field><desc><p>Help Text for this field is unavailable.  Please refer to the T24 User Guides for further information.</p></desc></t><t><field>NEGOTIATED.FLDS</field><desc><p>Help Text for this field is unavailable.  Please refer to the T24 User Guides for further information.</p></desc></t><t><field>ID.COMP.1</field><desc><p>Help Text for this field is unavailable.  Please refer to the T24 User Guides for further information.</p></desc></t><t><field>ID.COMP.2</field><desc><p>Help Text for this field is unavailable.  Please refer to the T24 User Guides for further information.</p></desc></t><t><field>ID.COMP.3</field><desc><p>Help Text for this field is unavailable.  Please refer to the T24 User Guides for further information.</p></desc></t><t><field>ID.COMP.4</field><desc><p>Help Text for this field is unavailable.  Please refer to the T24 User Guides for further information.</p></desc></t><t><field>ID.COMP.5</field><desc><p>Help Text for this field is unavailable.  Please refer to the T24 User Guides for further information.</p></desc></t><t><field>ID.COMP.6</field><desc><p>Help Text for this field is unavailable.  Please refer to the T24 User Guides for further information.</p></desc></t><t><field>TARGET.PRODUCT</field><desc><p>Help Text for this field is unavailable.  Please refer to the T24 User Guides for further information.</p></desc></t><t><field>STMT.NOS</field><desc><p>Help Text for this field is unavailable.  Please refer to the T24 User Guides for further information.</p></desc></t><t><field>NR.ATTRIBUTE.RULE</field><desc><p>Help Text for this field is unavailable.  Please refer to the T24 User Guides for further information.</p></desc></t><t><field>NR.VALUE.SOURCE</field><desc><p>Help Text for this field is unavailable.  Please refer to the T24 User Guides for further information.</p></desc></t></menu>
</t24help>
