<?xml version="1.0" encoding="utf-8"?>
<t24help xmlns:xsi="http://www.w3.org/2001/XMLSchema-instance">
    <header>
        <product>AA</product>
        <table>AA.SIM.ACTIVITY.RESTRICTION</table>
    </header>
    <overview>
        <ovdesc>
            <p/>
            <p>    This property may be used for specifying the restrictions on a particular transaction. Along with Periodic attributes, restrictions could also be applied based on the nature of the transaction. &amp;apos;Only 5 repayments are allowed within a month&amp;apos; or &amp;apos;Repayments can only be in multiples of 1000s&amp;apos; are typical examples of transaction rules using periodic attributes. The following AA.PERIODIC.ATTRIBUTE.CLASS records may be utilised for specifying transaction rules</p>
            <p/>
            <p> It is possible to restrict only one single activity on one activity restriction record</p>
        </ovdesc>
    </overview>
    <menu>
        <t>
            <field>CHANGED.FIELDS</field>
            <desc>
                <p>No input and multi value field - lists all fields that have been negotiated for each dated version of the property. For a subsequently dated property, the attributes listed in this field will appear in &quot;Negotiated.Fields&quot; and only newly negotiated fields will appear on &quot;Changed.Fields&quot;</p>
                <p/>
                <p/>
            </desc>
        </t>
        <t>
            <field>DEFAULT.ATTR.OPTION</field>
            <desc>
                <p>Optional field - Allowed Values are RESETTING and NON-RESETTING.</p>
                <p/>
                <p> RESETTING - During any Renewal Activities (for eg : change.product, rollover or reset) the property conditions will be reset from the product.</p>
                <p/>
                <p> NON-RESETTING - During any Renewal Activities property conditions will be maintained from the Arrangement level.</p>
                <p/>
                <p> Leaving the field blank sets NON-RESETTING as the default option.</p>
                <p/>
            </desc>
        </t>
        <t>
            <field>DEFAULT.NEGOTIABLE</field>
            <desc>
                <p>Defines whether all attributes (fields) can be negotiable or not.</p>
                <p/>
                <p/>
                <p>This field is Mandatory</p>
                <p>Valid options are YES and NO</p>
            </desc>
        </t>
        <t>
            <field>DESCRIPTION</field>
            <desc>
                <p>Describes this condition record and is used for enrichment.</p>
                <p/>
                <p>This field can be expanded to allow the User to enter the Description of the property condition in various languages. Each expansion of the field will correspond to a new Language as defined in the LANGUAGE table (Ref: GENERAL TABLES), and will indicate to the User the Language in which the Description must be entered.</p>
                <p/>
                <p/>
                <p>Up to 35 type A (alphanumeric) characters</p>
                <p/>
            </desc>
        </t>
        <t>
            <field>EVALUATION</field>
            <desc>
                <p>This attribute defines the decision that need to be taken when a rule is passed or failed. Options available for this attribute is BREAK and SATISFY.</p>
                <p>BREAK - A defined rule has failed</p>
                <p>SATISFY - A defined rule has passed</p>
                <p>This attribute is closely associated with EVALUATION.RESULT attribute</p>
            </desc>
        </t>
        <t>
            <field>EVALUATION.RESULT</field>
            <desc>
                <p>This attribute defines the action that need to be performed when a rule is broken or satisfied. Options available for this attribute is WAIVE and APPLY</p>
                <p>WAIVE - Waive the calculated amount</p>
                <p>APPLY - Apply the calculated amount</p>
                <p>This attribute is closely associated with EVALUATION.RESULT attribute</p>
            </desc>
        </t>
        <t>
            <field>ID.COMP.1</field>
            <desc>
                <p>Contains the arrangement number, extracted from the first component of the id</p>
                <p>Not applicable at product level</p>
                <p>System updated field no input allowed</p>
                <p/>
            </desc>
        </t>
        <t>
            <field>ID.COMP.2</field>
            <desc>
                <p>The action that was triggered on the arrangement property</p>
                <p>The action is taken from ACTIVITY.CLASS record of the underlying AA.ARRANGEMENT.ACTIVITY request that caused the record to be modified.</p>
                <p/>
            </desc>
        </t>
        <t>
            <field>ID.COMP.3</field>
            <desc>
                <p>Contains the effective date of the property condition</p>
                <p>Not applicable at product level</p>
                <p>System updated field no input allowed</p>
                <p/>
            </desc>
        </t>
        <t>
            <field>ID.COMP.4</field>
            <desc>
                <p>Reserved for future use</p>
                <p>Not applicable at product level</p>
                <p>System field no input allowed</p>
                <p/>
            </desc>
        </t>
        <t>
            <field>ACTION</field>
            <desc>
                <p>The activity that caused this arrangement property to be updated.   The activity is taken from the underlying AA.ARRANGEMENT.ACTIVITY request that caused the record to be modified</p>
            </desc>
        </t>
        <t>
            <field>ID.COMP.5</field>
            <desc>
                <p>Reserved for future use</p>
                <p>Not applicable at product level</p>
                <p>System field no input allowed</p>
                <p/>
            </desc>
        </t>
        <t>
            <field>ID.COMP.6</field>
            <desc>
                <p>Reserved for future use</p>
                <p>Not applicable at product level</p>
                <p>System field no input allowed</p>
                <p/>
            </desc>
        </t>
        <t>
            <field>NEGOTIATED.FLDS</field>
            <desc>
                <p>No input and multi value field that lists the attributes on the arrangement property record that have been fixed and/or negotiated. These are stored when the arrangement level record is committed. When the arrangement level record is next used all items in the NEGOTIATED.FIELDS list will be maintained.</p>
                <p>Once an attribute has been fixed or negotiated it will remain in negotiated field list on all subsequent dated versions of the property.</p>
            </desc>
        </t>
        <t>
            <field>NR.ATTRIBUTE</field>
            <desc>
                <p>Defines which individual attribute (field) has the negotiation rules defined in fields &quot;Nr.Negotiable&quot; through to &quot;Nr.Message&quot;</p>
                <p/>
                <p/>
                <p>Must be a valid field name within this property</p>
                <p>This field is part of a multi value set</p>
            </desc>
        </t>
        <t>
            <field>NR.MESSAGE</field>
            <desc>
                <p>This field indicates whether to raise error or override message when rule is broken</p>
                <p>Allows only two values ERROR or OVERRIDE</p>
                <p>ERROR error message is raised</p>
                <p>OVERRIDE Override message is generated</p>
                <p/>
            </desc>
        </t>
        <t>
            <field>NR.OPTIONS</field>
            <desc>
                <p>Defines named values to indicate if an option applies to the associated NR.ATTRIBUTE. More than one option can be associated with the NR.ATTRIBUTE, with certain restrictions.</p>
                <p/>
                <p/>
                <p>Valid Inputs are NEGOTIABLE, NON-NEGOTIABLE, OVERRIDE, FIX-VALUE, MANDATORY as described below: -</p>
                <p/>
                <p>NEGOTIABLE</p>
                <p>The value of NEGOTIABLE will indicate that the associated NR.ATTRIBUTE can be negotiated at the arrangement level.</p>
                <p/>
                <p>NON-NEGOTIABLE</p>
                <p>The value of NON-NEGOTIABLE will indicate that the associated NR.ATTRIBUTE cannot be negotiated at the arrangement level. Both NEGOTIABLE and NON-NEGOTIABLE cannot be defined together</p>
                <p/>
                <p>OVERRIDE</p>
                <p>Specifies if a default override message should be generated if the default attribute is amended at the arrangement level. If OVERRIDE is not specified, no override will be generated.</p>
                <p/>
                <p>FIX-VALUE</p>
                <p>Specified if the field value is to be fixed at the arrangement level. If FIX-VALUE is not specified the field value will vary with the changes to the underlying product condition.</p>
                <p/>
                <p>MANDATORY</p>
                <p>Specifies if the attribute is mandatory for this product condition. Can only be specified where the attribute is not defined as mandatory in the property class.</p>
            </desc>
        </t>
        <t>
            <field>NR.RESERVED1</field>
            <desc>
                <p>System Field - Reserved for future use</p>
                <p/>
            </desc>
        </t>
        <t>
            <field>NR.RESERVED2</field>
            <desc>
                <p>System Field - Reserved for future use</p>
                <p/>
            </desc>
        </t>
        <t>
            <field>NR.STD.COMP</field>
            <desc>
                <p>It is possible to define negotiation rules in EB.COMPARISON.TYPE.</p>
                <p/>
                <p/>
                <p/>
                <p>Input must be a valid record from EB.STANDARD.COMPARISON</p>
            </desc>
        </t>
        <t>
            <field>NR.TYPE</field>
            <desc>
                <p>Defines the negotiation rule that is linked to the field defined in &quot;Nr.Attribute&quot;. If an attribute has a negotiation rule linked to it (in associated fields NR.TYPE, NR.VALUE and NR.MESSAGE) the attribute must be defined as negotiable.</p>
                <p>It is possible to define more than one negotiation rule for an attribute</p>
                <p/>
                <p/>
                <p>Input must be a valid record from EB.COMPARISON.TYPE</p>
                <p>This is a multi value set of fields</p>
            </desc>
        </t>
        <t>
            <field>ACTIVITY</field>
            <desc>
                <p>Contains the effective date of the property condition Not applicable at product level System updated field no input allowed </p>
            </desc>
        </t>
        <t>
            <field>NR.VALUE</field>
            <desc>
                <p>Defines the value that links to the rule in field &quot;Nr.Type&quot;</p>
            </desc>
        </t>
        <t>
            <field>OVERRIDE</field>
            <desc>
                <p>Standard Override field containing override messages generated by amendments to this property</p>
                <p/>
            </desc>
        </t>
        <t>
            <field>OWNING.COMPANY</field>
            <desc>
                <p>This field is used to capture the T24 Company(ies) that own the Product Condition record. There is no functionality attached to this field and can be used only for access control through SMS verification.</p>
                <p/>
                <p>The input in this field must be a valid record in company table and should belong to current financial group.</p>
                <p/>
                <p>This is a multi value field. Input in this field is optional.</p>
            </desc>
        </t>
        <t>
            <field>PERIODIC.ATTRIBUTE</field>
            <desc>
                <p> Indicates the Periodic Attribute that has to be used for evaluation of the rule. Linked to AA.PERIODIC.ATTRIBUTE table.</p>
                <p/>
                <p>Allowed Values:</p>
                <p>Only the Periodic attributes that belong to ACTIVITY.RESTRICTION property class can be specified here.</p>
            </desc>
        </t>
        <t>
            <field>PERIODIC.VALUE</field>
            <desc>
                <p>This is the actual rule value, which will be compared against the evaluated rule value.</p>
                <p/>
                <p>Allowed Values:</p>
                <p>Input must be a valid data type defined in the corresponding AA.PERIODIC.ATTRIBUTE.CLASS record.</p>
            </desc>
        </t>
        <t>
            <field>PR.APP.METHOD</field>
            <desc>
                <p>This field denotes the application method that needs to be applied to the periodic rule charges.</p>
                <p>Allowed values are</p>
                <p>Due - The periodic rule charges are made due</p>
                <p>Capitalise - The periodic rule charges are capitalised</p>
                <p/>
            </desc>
        </t>
        <t>
            <field>PR.APP.PERIOD</field>
            <desc>
                <p>This field denotes the application period for the given periodic rule charges.</p>
                <p>The periodic rule charges will be applied at the end of the period. If the value defined is zero, then the charges are applied immediately.</p>
                <p>Standard T24 period field.</p>
                <p/>
            </desc>
        </t>
        <t>
            <field>PR.ATTRIBUTE</field>
            <desc>
                <p>These are set of Attributes which define the names of the rule, which will be applied on certain attributes of property classes over a period of time.</p>
                <p/>
                <p/>
                <p>Input must be a valid record from AA.PERIODIC.ATTRIBUTE</p>
            </desc>
        </t>
        <t>
            <field>PR.BRK.CHARGE</field>
            <desc>
                <p>Charge can be collected when the periodic rule is broken</p>
                <p>This field denotes the charge property. The property and its condition is</p>
                <p>defined the product designer and validated during publishing</p>
                <p/>
                <p/>
                <p>Valid charge property</p>
            </desc>
        </t>
        <t>
            <field>PR.BRK.MSG</field>
            <desc>
                <p>Based on the PR.BRK.RES option selected, this will hold either an OVERRIDE or EB.ERROR id. By default the ids will be picked from the associated EB.COMPARISON.TYPE record. If CAP or FLOOR values are given, then the underlying AA.PERIODIC.ATTRIBUTE.CLASS should have this type defined in it.</p>
                <p/>
                <p/>
                <p>Input must be a valid OVERRIDE ID or EB.ERROR ID.</p>
            </desc>
        </t>
        <t>
            <field>ACTIVITY.CLASS</field>
            <desc>
                <p>Denotes the activity class which will be a trigger to evaluate rules defined. If this attribute is input then activity id should not be input. It is a subvalue field and multiple activity classes can be defined for a single evaluation. In case of multiple activity classes when each of the activity class is triggered rule will be evaluated.</p>
                <p/>
                <p>Validation rules:</p>
                <p>Valid Entry in AA.ACTIVITY.CLASS</p>
                <p/>
            </desc>
        </t>
        <t>
            <field>PR.BRK.RES</field>
            <desc>
                <p>When a rule is broken what action needs to be taken is defined here. Currently, the various options available are </p>
                <p/>
                <p>Error block further processing</p>
                <p>Override Give an override</p>
                <p>Information  Record details only</p>
                <p>CAP the rule value is to be used as a CAP if the rule is broken</p>
                <p>FLOOR the rule value is to be used as a FLOOR if the rule is broken</p>
                <p/>
                <p/>
                <p>Should be one of the above valid options</p>
            </desc>
        </t>
        <t>
            <field>PR.VALUE</field>
            <desc>
                <p>This is the actual rule value, which will be applied on certain attributes of the property classes over a period of time.</p>
                <p/>
                <p/>
                <p>Input must be a valid data type defined in the corresponding</p>
                <p>AA.PERIODIC.ATTRIBUTE.CLASS record.</p>
            </desc>
        </t>
        <t>
            <field>PRODUCT.KEY</field>
            <desc>
                <p>This field represents the key to the product level conditions of a property class</p>
                <p>This field basically has three components seperated by a hyphen</p>
                <p>Condition id</p>
                <p>Currency - if the property class is currency based. By default takes up local currency</p>
                <p>Effective date - if the property class is dated</p>
                <p/>
            </desc>
        </t>
        <t>
            <field>PROPERTY</field>
            <desc>
                <p>This field denotes the charge property which will calculate charge amount when a rule is broken. Only charge property can be input in this attribute.</p>
            </desc>
        </t>
        <t>
            <field>PROPERTY.ID</field>
            <desc>
                <p>Defines the property for which rule need to be evaluated. A property defined in Payment schedule can be defined here to evaluate any rule. Rule is defined in the attribtue PROPERTY.RULE.NAME</p>
            </desc>
        </t>
        <t>
            <field>PROPERTY.RULE.NAME</field>
            <desc>
                <p>The attribute is similar to RULE.ID attribute but it is used for Property rule evaluation. Rule id defined here is mapped with RULE.NAME attribute where the actual rule is defined through PERIODIC.ATTRIBUTE. This is part of Property rule based evaluation multivalue set. A property that is linked to this attribute is eligible for evaluation</p>
            </desc>
        </t>
        <t>
            <field>RESTRICT</field>
            <desc>
                <p> T24 allows for the complete restriction of the specified activities.The user can flag this field to indicate that the activity is to be restricted and can further specify whether the transaction is completely blocked or allowed with a warning</p>
                <p/>
                <p/>
                <p/>
                <p> 1. Will accept YES or NO</p>
                <p> 2. If YES then RESTRICT.TYPE is mandatory</p>
                <p/>
            </desc>
        </t>
        <t>
            <field>RESTRICT.ERROR</field>
            <desc>
                <p>If the transaction is completely blocked, the user can state a error message displaying the restriction. Entry into this field mandatory only when RESTRICT.TYPE is set to ERROR. Should be a valid entry in EB.ERROR table.</p>
            </desc>
        </t>
        <t>
            <field>RESTRICT.OVR</field>
            <desc>
                <p/>
                <p>   If the transaction is to be allowed after displaying a warning, then the user can state a override message here which would appear whenever this activity is triggered on an arrangement. Entry into this field mandatory only when RESTRICT.TYPE is set to OVERRIDE. Should be a valid entry in OVERRIDE table</p>
            </desc>
        </t>
        <t>
            <field>RESTRICT.TYPE</field>
            <desc>
                <p/>
                <p>   The type of restriction that need to be applied on the activity</p>
                <p>     ERROR - The transaction triggering this activity would be completely blocked.</p>
                <p>     OVERRIDE - The transaction triggering this activity would be allowed after displaying a warning.</p>
                <p/>
                <p/>
                <p/>
                <p> 1. Will accept either OVERRIDE or ERROR</p>
                <p> 2. If OVERRIDE is specified then RESTRICT.OVR is mandatory</p>
                <p> 3. If ERROR is specified then RESTRICT.ERROR is mandatory</p>
            </desc>
        </t>
        <t>
            <field>ACTIVITY.ID</field>
            <desc>
                <p/>
                <p>   The activity on which transaction rules need to be applied. Any valid AA.ACTIVITY may be stated here</p>
            </desc>
        </t>
        <t>
            <field>RULE.ACTIVITY.CLASS</field>
            <desc>
                <p>An activity class defined here will be used for evaluation. This attribute is associated with RULE.NAME multivalue sets. Either RULE.ACTIVITY.CLASS or RULE.ACTIVITY.ID should be input, it is not possible to input both the attributes.</p>
            </desc>
        </t>
        <t>
            <field>RULE.ACTIVITY.ID</field>
            <desc>
                <p>An activity defined here will be used for evaluation. This attribute is associated with RULE.NAME multivalue sets. Either RULE.ACTIVITY.CLASS or RULE.ACTIVITY.ID should be input, it is not possible to input both the attributes.</p>
            </desc>
        </t>
        <t>
            <field>RULE.ID</field>
            <desc>
                <p>A free text attribute where a name of the rule can be defined. Rule id defined here is mapped with RULE.NAME attribute where the actual rule is defined through PERIODIC.ATTRIBUTE. This forms a part of Activity class/Activity multivalue set. An activity or activity class that is related with RULE.ID is eligible for rule evaluation.</p>
                <p/>
                <p>Validation rules:</p>
                <p/>
                <p>Free text.</p>
                <p>Should map with RULE.NAME field.</p>
            </desc>
        </t>
        <t>
            <field>RULE.NAME</field>
            <desc>
                <p>A free text attribute which defines the rule that needs to be evaluated. This is mapped with RULE.ID or PROPERTY.RULE.NAME attribute. Activity based rules or property based rules are evaluated when this field is mapped with RULE.ID or PROPERTY.RULE.NAME.</p>
                <p/>
                <p>Validation:</p>
                <p>Free text</p>
                <p>Should map with RULE.ID or PROPERTY.RULE.NAME</p>
            </desc>
        </t>
        <t>
            <field>STMT.NOS</field>
            <desc>
                <p>System field - not used for property conditions</p>
                <p/>
            </desc>
        </t>
        <t>
            <field>SYS.RESERVE1</field>
            <desc>
                <p>System field - reserved for future use</p>
                <p/>
            </desc>
        </t>
        <t>
            <field>SYS.RESERVE2</field>
            <desc>
                <p>System field - reserved for future use</p>
                <p/>
            </desc>
        </t>
        <t>
            <field>SYS.RESERVE3</field>
            <desc>
                <p>System field - reserved for future use</p>
                <p/>
            </desc>
        </t>
        <t>
            <field>SYS.RESERVE4</field>
            <desc>
                <p>System field - reserved for future use</p>
                <p/>
            </desc>
        </t>
        <t>
            <field>SYS.RESERVE5</field>
            <desc>
                <p>System field - reserved for future use</p>
                <p/>
            </desc>
        </t>
        <t>
            <field>ALT.PROPERTY.ID</field>
            <desc>
                <p>This attribute defines a property that needs to be applied instead of the property defined in PROPERTY.ID attribute. This attribute is part of property rule evaluation multivalue set. A property defined here will act as an alternate property if the original property is defined to be waived in EVALUATION.RESULT</p>
                <p>This field is allowed to input only when EVALUATION.RESULT is WAIVE.</p>
                <p/>
                <p>Validation:</p>
                <p>Should be a valid entry in AA.PROPERTY</p>
            </desc>
        </t>
        <t>
            <field>SYS.RESERVE6</field>
            <desc>
                <p>System field - reserved for future use</p>
                <p/>
            </desc>
        </t>
        <t>
            <field>SYS.RESERVE7</field>
            <desc>
                <p>System field - reserved for future use</p>
                <p/>
            </desc>
        </t>
        <t>
            <field>TARGET.PRODUCT</field>
            <desc>
                <p>This field denotes the target classic product of the given property class</p>
                <p/>
                <p>The already existing T24 products are mapped using AA infrastructure</p>
                <p>These are called classic products</p>
                <p>These products are mapped to different property clases</p>
                <p/>
            </desc>
        </t>
        <t>
            <field>WAIVE.REASON</field>
            <desc>
                <p>This stores the reason for waiving the charge. This is updated in AA.CHARGE.DETAILS if a charge property is waived as a result of rule evaluation.</p>
            </desc>
        </t>
        <t>
            <field>APP.METHOD</field>
            <desc>
                <p>This field denotes the application method that needs to be applied to the rule break charges. Allowed values are </p>
                <p>Due - Rule break charges are made due</p>
                <p>Capitalise - Rule break charges are capitalised</p>
                <p>Defer - Rule break charges are calculated but not applied immediately. Charge are deferred and are collected over a period of time. Collection of these deferred charges is driven by payment schedule and Periodic charges property classes</p>
            </desc>
        </t>
        <t>
            <field>APP.PERIOD</field>
            <desc>
                <p>This field denotes the application period for the given rule break charges defined in PROPERTY attribute. The rule break charges will be applied at the end of the period. If the value defined is zero, then the charges are applied immediately</p>
            </desc>
        </t>
        <t>
            <field>ARRANGEMENT.KEY</field>
            <desc>
                <p>The key to the arrangement property condition. The key is comprised of the following components (delimited by a -) Arrangement Id Property name Effective Date</p>
            </desc>
        </t>
        <t>
            <field>BALANCE.TYPE</field>
            <desc>
                <p>Balance type defined here will be used for rule evaluation. Rule evaluation can happen either on Activity or on Balances. It is not possible to evaluate a rule for both Activity and Balances for the same rule.</p>
            </desc>
        </t>
    <t><field>NR.ATTRIBUTE.RULE</field><desc><p>Help Text for this field is unavailable.  Please refer to the T24 User Guides for further information.</p></desc></t><t><field>NR.VALUE.SOURCE</field><desc><p>Help Text for this field is unavailable.  Please refer to the T24 User Guides for further information.</p></desc></t></menu>
</t24help>
