<?xml version="1.0" encoding="utf-8"?>
<t24help xmlns:xsi="http://www.w3.org/2001/XMLSchema-instance">
    <header>
        <product>AA</product>
        <table>AA.STANDARD.FIELD.TYPE</table>
    </header>
    <overview>
        <ovdesc>
            <p>This Standard Field Type application used to define a standard set of fields to extract some standard information like interest and charge. </p>
            <p>Below standard set of fields would be defined for INTEREST in AA.STANDARD.FIELD.TYPE which will make-up interest information, like</p>
            <p>a.	Whether interest rate is defined or not</p>
            <p>b.	Type of interest, Fixed or Periodic or Floating</p>
            <p>c.	Resolved interest rate (for key) or fixed interest rate</p>
            <p>d.	Preferential rate for the customer</p>
            <p>e.	Reset date for periodic or floating type interest</p>
            <p/>
            <p>Similarly below standard set of fields would be defined for CHARGE in AA.STANDARD.FIELD.TYPE which will make-up the charge information, like,</p>
            <p>a.	Whether charge is defined or not</p>
            <p>b.	Type of charge, Calculated or Fixed</p>
            <p>c.	Charge rate in case of calculated</p>
            <p>d.	Charge amount</p>
            <p>e.	Preferential pricing amount for the customer</p>
            <p/>
            <p>These special data is only applicable for INTEREST and CHARGE properties.</p>
            <p/>
        </ovdesc>
    </overview>
    <menu>
        <t>
            <field>CONDITION.DESCRIPTION</field>
            <desc>
                <p>It accepts YES or NO values.  This field decides that FULL.DESCRIPTION of the property condition to be displayed in enquiry screen or not. If it set as YES then FULL.DESCRIPTION defined in property condition will displayed in enquiry screen. If it set as NO then FULL.DESCRIPTION in property condition will not display in enquiry screen. </p>
            </desc>
        </t>
        <t>
            <field>DESCRIPTION</field>
            <desc>
                <p>Standard multi-language description type field to update description for the record.</p>
            </desc>
        </t>
        <t>
            <field>FIELD.DESCRIPTION</field>
            <desc>
                <p> User can give their own description to the FIELD.NAME to display in enquiry screen.  It is multi language field.</p>
            </desc>
        </t>
        <t>
            <field>FIELD.NAME</field>
            <desc>
                <p>Defines the name of the field that can be used to extracted field values from property condition.  It is multi value field associated with FIELD.DESCRIPTION. </p>
                <p/>
                <p>List of available options are</p>
                <p>DEFINED – This option will be applicable for bother Interest and charge properties. It describes whether interest or charge is defined in product or not.  If defined then field value will be displayed as Yes. Otherwise Null.</p>
                <p>TYPE - This option will be applicable for bother Interest and charge properties. It describes the type of the interest (Fixed, Periodic or Floating) for interest property and type of charge (Fixed or Calculated) for interest property.</p>
                <p/>
                <p>Below list of options applicable for interest property.</p>
                <p>INTEREST.RATE -. It describes the interest rate of the product.</p>
                <p>PRICING.INT.RATE - It describes the preferential rate for the customer.</p>
                <p>DISCOUNT.INT.RATE - It describes the how much discount percentage has given to preferential customer.</p>
                <p>RATE.RESET.DATE - It describes the reset date for periodic and floating type interests.</p>
                <p/>
                <p>Below list of option applicable for Charge property</p>
                <p>CHARGE.AMOUNT - It describes the charge amount for given charge property. It will be fixed charge amount.</p>
                <p>PRICING.AMOUNT - It describes the preferential charge amount for the customer.</p>
                <p>DISCOUNT.AMOUNT - It describes the how munch charge amount has given discount to preferential customer. </p>
                <p>CHARGE.RATE – it describes the percentage of charge collected for charge property. It will be applicable for calculated charge types.</p>
                <p>PRICING.CHG.RATE - it describes the preferential charge rate for the customer.</p>
                <p>DISCOUNT.CHG.RATE – it describes the how much percentage has given discount to the preferential customer. </p>
                <p/>
            </desc>
        </t>
        <t>
            <field>FULL.DESCRIPTION</field>
            <desc>
                <p>Standard full description field where a detailed notes on the purpose of the record could be updated.</p>
            </desc>
        </t>
        <t>
            <field>OVERRIDE</field>
        </t>
        <t>
            <field>STD.FIELDS</field>
        </t>
    </menu>
</t24help>
