<?xml version="1.0" encoding="utf-8"?>
<t24help>
<header>
<product>AA</product>
<table>AA.SIM.ACTIVITY.MESSAGING</table>
</header>
<overview>
<ovdesc>

            <p />
            <p>                 ACTIVITY.MESSAGING is delivery component for financial products designed using arrangement architecture. The ACTIVITY.MESSAGING Property Class will control the link between activities and the soft delivery and will be used to send messages based on an activity. The property will allow either specific activities, or activity classes to be defined and linked to the EB.ADVICES records. Rules for delivery can be defined at product level and individual arrangement level if needed.</p>
        </ovdesc>
<ovimage></ovimage>
</overview>
<menu>
<t>
<field>SYS.RESERVE3</field>
<desc>
            <p>System field - reserved for future use</p>
            <p />
        </desc>
</t>
<t>
<field>NR.TYPE</field>
<desc>
            <p>System field - not used for arrangement conditions</p>
            <p />
            <p>
                <p>Validation Rules:</p>
            </p>
            <p>System Field NoINPUT allowed -</p>
        </desc>
</t>
<t>
<field>SYS.RESERVE4</field>
<desc>
            <p>System field - reserved for future use</p>
            <p />
        </desc>
</t>
<t>
<field>PR.RESERVED.1</field>
<desc>
            <p>System field - reserved for future use</p>
            <p />
        </desc>
</t>
<t>
<field>ADVICE</field>
<desc>
            <p />
            <p>                 This field provides a link to a record in EB.ADVICES. EB.ADVICES file controls the output of delivery messages, the format of the messages and deal slip formats.By defining the records on this file the users will have total control of the type and format of the eventual output. Users are also able to use their own mapping records instead of the standard ones supplied within T24, which in some cases, may not cater for particular elements of business (i.e. optional fields or sequences on a S.W.I.F.T. message).</p>
        </desc>
</t>
<t>
<field>SYS.RESERVE2</field>
<desc>
            <p>System field - reserved for future use</p>
            <p />
        </desc>
</t>
<t>
<field>NR.VALUE</field>
<desc>
            <p>System field - not used for arrangement conditions</p>
            <p />
            <p>
                <p>Validation Rules:</p>
            </p>
            <p>System Field NoINPUT allowed -</p>
        </desc>
</t>
<t>
<field>PR.APP.PERIOD</field>
<desc>
            <p>This field denotes the application period for the given periodic rule charges.</p>
            <p>The periodic rule charges will be applied at the end of the period. If the value defined is zero, then the charges are applied immediately.</p>
            <p>Standard T24 period field.</p>
            <p>Not inputtable at arrangement level</p>
            <p />
        </desc>
</t>
<t>
<field>NR.STD.COMP</field>
<desc>
            <p>Not used for Arrangement Conditions</p>
            <p />
            <p />
            <p>
                <p>Validation Rules:</p>
            </p>
            <p>Input not allowed</p>
        </desc>
</t>
<t>
<field>ID.COMP.1</field>
<desc>
            <p>Contains the arrangement number, extracted from the first component of the id</p>
            <p>System updated field no input allowed</p>
            <p />
        </desc>
</t>
<t>
<field>SYS.RESERVE5</field>
<desc>
            <p>System field - reserved for future use</p>
            <p />
        </desc>
</t>
<t>
<field>NR.ATTRIBUTE</field>
<desc>
            <p>System field - not used for arrangement conditions</p>
            <p />
            <p>
                <p>Validation Rules:</p>
            </p>
            <p>System Field NoINPUT allowed -</p>
        </desc>
</t>
<t>
<field>PR.VALUE</field>
<desc>
            <p>This is the actual rule value, which will be applied on certain attributes of the property classes over a period of time.</p>
            <p />
            <p>
                <p>Validation Rules:</p>
            </p>
            <p>Input must be a valid data type defined in the corresponding</p>
            <p>AA.PERIODIC.ATTRIBUTE.CLASS record.</p>
        </desc>
</t>
<t>
<field>PRE.NOTICE.ACTIVITY</field>
<desc>
            <p>This field specifies the activity for which pre notice delivery message to be generated </p>
        </desc>
</t>
<t>
<field>ID.COMP.6</field>
<desc>
            <p>Reserved for future use</p>
            <p>System field no input allowed</p>
            <p />
        </desc>
</t>
<t>
<field>NR.MESSAGE</field>
<desc>
            <p>System field - not used for arrangement conditions</p>
            <p />
            <p>
                <p>Validation Rules:</p>
            </p>
            <p>System Field NoINPUT allowed -</p>
        </desc>
</t>
<t>
<field>CHANGED.FIELDS</field>
<desc>
            <p>No input and multi value field lists all fields that have been negotiated for each dated version of the property. For a subsequently dated property, the attributes listed in this field will appear in "Negotiated.Fields" and only newly negotiated fields will appear on "Changed.Fields"</p>
            <p />
            <p />
        </desc>
</t>
<t>
<field>DEFAULT.NEGOTIABLE</field>
<desc>
            <p>Not used for arrangement level conditions</p>
            <p />
        </desc>
</t>
<t>
<field>ID.COMP.4</field>
<desc>
            <p>Reserved for future use</p>
            <p>System field no input allowed</p>
            <p />
        </desc>
</t>
<t>
<field>OVERRIDE</field>
<desc>
            <p>Standard Override field containing override messages generated by amendments to this property</p>
            <p />
        </desc>
</t>
<t>
<field>NR.RESERVED2</field>
<desc>
            <p>System Field - Reserved for future use</p>
            <p />
        </desc>
</t>
<t>
<field>STMT.NOS</field>
<desc>
            <p>Contains the key to the accounting entries raised by the activity being applied to this arrangement property</p>
            <p />
        </desc>
</t>
<t>
<field>PRE.NOTICE.DAYS</field>
<desc>
            <p>This field specifies no of days before which a pre notice advice has to be generated for the corresponding activity.</p>
            <p />
        </desc>
</t>
<t>
<field>SYS.RESERVE1</field>
<desc>
            <p>System field - reserved for future use</p>
            <p />
        </desc>
</t>
<t>
<field>SYS.RESERVE6</field>
<desc>
            <p>System field - reserved for future use</p>
            <p />
        </desc>
</t>
<t>
<field>PR.ATTRIBUTE</field>
<desc>
            <p>These are set of Attributes which define the names of the rule, which will be applied on certain attributes of property classes over a period of time</p>
            <p />
            <p>
                <p>Validation Rules:</p>
            </p>
            <p>Input must be a valid record from AA.PERIODIC.ATTRIBUTE</p>
        </desc>
</t>
<t>
<field>NR.OPTIONS</field>
<desc>
            <p>System field - not used for arrangement conditions</p>
            <p />
            <p>
                <p>Validation Rules:</p>
            </p>
            <p>System Field NoINPUT allowed -</p>
        </desc>
</t>
<t>
<field>PR.RESERVED.3</field>
<desc>
            <p>System field - reserved for future use</p>
            <p />
        </desc>
</t>
<t>
<field>SEND.ADVICE</field>
<desc>
            <p> This field allows the user to determine whether the given advice or message needs to be sent for the given activity.</p>
            <p />
            <p>     Allowed values - YES or NO</p>
        </desc>
</t>
<t>
<field>PR.BRK.RES</field>
<desc>
            <p>When a rule is broken what action needs to be taken is defined here. Currently, the various options available are </p>
            <p />
            <p>Error block further processing</p>
            <p>Override Give an override</p>
            <p>Information  Record details only</p>
            <p>CAP the rule value is to be used as a CAP if the rule is broken</p>
            <p>FLOOR the rule value is to be used as a FLOOR if the rule is broken</p>
            <p />
            <p>
                <p>Validation Rules:</p>
            </p>
            <p>Should be one of the above valid options</p>
        </desc>
</t>
<t>
<field>MSG.CONTENT</field>
<desc>
            <p />
            <p>   This field indicates whether only the current information or previous and current information needs to be passed to form the message.</p>
            <p> Allowed values are</p>
            <p />
            <p> CHANGE - Only the current property details needs to be passed</p>
            <p> ALL - Both current and previous property details needs to be passed</p>
        </desc>
</t>
<t>
<field>PR.RESERVED.2</field>
<desc>
            <p>System field - reserved for future use</p>
            <p />
        </desc>
</t>
<t>
<field>NEGOTIATED.FLDS</field>
<desc>
            <p>No input and multi value field that lists the attributes on the arrangement property record that have been fixed and/or negotiated. These are stored when the arrangement level record is committed. When the arrangement level record is next used all items in the NEGOTIATED.FIELDS list will be maintained</p>
            <p>Once an attribute has been fixed or negotiated it will remain in negotiated field list on all subsequent dated versions of the property.</p>
        </desc>
</t>
<t>
<field>ID.COMP.3</field>
<desc>
            <p>Contains the Effective Date of this property condition</p>
            <p>System updated field no input allowed</p>
            <p />
        </desc>
</t>
<t>
<field>ARRANGEMENT.KEY</field>
<desc>
            <p>The key to the arrangement property condition. The key is comprised of the following components </p>
            <p>Arrangement Id</p>
            <p>Property name</p>
            <p>Effective Date</p>
            <p />
        </desc>
</t>
<t>
<field>PR.APP.METHOD</field>
<desc>
            <p>This field denotes the application method that needs to be applied to the periodic rule charges.</p>
            <p>Allowed values are</p>
            <p>Due - The periodic rule charges are made due</p>
            <p>Capitalise - The periodic rule charges are capitalised</p>
            <p>Not inputtable at arrangement level</p>
            <p />
        </desc>
</t>
<t>
<field>DEFAULT.ATTR.OPTION</field>
<desc>
            <p>Optional field - Allowed Values are RESETTING and NON-RESETTING.</p>
            <p />
            <p> RESETTING - During any Renewal Activities (for eg : change.product, rollover or reset) the property conditions will be reset from the product.</p>
            <p />
            <p> NON-RESETTING - During any Renewal Activities property conditions will be maintained from the Arrangement level.</p>
            <p />
            <p> Leaving the field blank sets NON-RESETTING as the default option.</p>
            <p />
            <p> Not used in Arrangement/Sim level.</p>
            <p />
        </desc>
</t>
<t>
<field>SYS.RESERVE7</field>
<desc>
            <p>System field - reserved for future use</p>
            <p />
        </desc>
</t>
<t>
<field>PR.BRK.MSG</field>
<desc>
            <p>Based on the PR.BRK.RES option selected, this will hold either an OVERRIDE or EB.ERROR id. By default the ids will be picked from the associated EB.COMPARISON.TYPE record. If CAP or FLOOR values are given, then the underlying AA.PERIODIC.ATTRIBUTE.CLASS should have this type defined in it</p>
            <p />
            <p>
                <p>Validation Rules:</p>
            </p>
            <p>Input must be a valid OVERRIDE ID or EB.ERROR ID</p>
        </desc>
</t>
<t>
<field>NR.RESERVED1</field>
<desc>
            <p>System Field - Reserved for future use</p>
            <p />
        </desc>
</t>
<t>
<field>ID.COMP.5</field>
<desc>
            <p>Reserved for future use</p>
            <p>System field no input allowed</p>
            <p />
        </desc>
</t>
<t>
<field>ID.COMP.2</field>
<desc>
            <p>Contains the name of the property that this arrangement level condition relates to</p>
            <p>Name is defined in AA.PRORERTY table</p>
            <p>System maintained field no input allowed</p>
            <p />
        </desc>
</t>
<t>
<field>TARGET.PRODUCT</field>
<desc>
            <p>This field denotes the target classic product of the given property class</p>
            <p />
            <p>The already existing T24 products are mapped using AA infrastructure</p>
            <p>These are called classic products</p>
            <p>These products are mapped to different property clases</p>
            <p />
        </desc>
</t>
<t>
<field>PR.BRK.CHARGE</field>
<desc>
            <p>Not used for arrangement level conditions</p>
            <p />
            <p>
                <p>Validation Rules:</p>
            </p>
            <p>Input not allowed.</p>
        </desc>
</t>
<t>
<field>ACTION</field>
<desc>
            <p>The activity that caused this arrangement property to be updated.</p>
            <p>The activity is taken from the underlying AA.ARRANGEMENT.ACTIVITY request that caused the record to be modified</p>
            <p />
        </desc>
</t>
<t>
<field>ACTIVITY.CLASS</field>
<desc>
            <p />
            <p>                 This field denotes the activity class id for which the corresponding delivery message defined in the EB.ADVICE field should be triggered. The fields ADVICE, ACTVITY.CLASS and ACTIVITY.ID form a  associated multivalue set. If a specific ACTIVITY.ID is not stated, then the same Advice would be generated for all activities which belong to this class. </p>
            <p />
            <p>      For example, if there is a need to generate a message whenever rate change happens then, LENDING-CHANGE-INTEREST in this field would generate the same message for LENDING-CHANGE-CURINT as well as LENDING-CHANGE-PENINT activities where CURINT and PENINT are properties belonging to the INTEREST class.</p>
            <p />
            <p>      Should be a valid AA.ACTIVITY.CLASS id.</p>
        </desc>
</t>
<t>
<field>ACTIVITY</field>
<desc>
            <p>The activity that caused this arrangement property to be updated.</p>
            <p>The activity is taken from the underlying AA.ARRANGEMENT.ACTIVITY request that caused the record to be modified</p>
            <p />
        </desc>
</t>
<t>
<field>ACTIVITY.ID</field>
<desc>
            <p />
            <p>                 This field denotes the activity id for which the corresponding delivery message defined in the EB.ADVICE field should be triggered.The fields ADVICE, ACTVITY.CLASS and ACTIVITY.ID form a  associated multivalue set.</p>
            <p />
            <p>      An entry in this field is a more specific definition of the advice being generated. For example, when a special message is generated whenever Penalty interest is changed, then stating LENDING-CHANGE-PENINT in this field would generate the advice defined below. It would not generate the message when CURINT is changed.</p>
            <p>      Should be a valid AA.ACTIVITY id.</p>
        </desc>
</t>
<t>
<field>OWNING.COMPANY</field>
<desc>
            <p>This field is used to capture the T24 Company(ies) that own the Product Condition record. There is no functionality attached to this field and can be used only for access control through SMS verification.</p>
            <p/> 
            <p>The input in this field must be a valid record in company table and should belong to current financial group.</p>
            <p/> 
            <p>This is a multi value field. Input in this field is optional.</p>
        </desc>
</t> 
<t><field>NR.ATTRIBUTE.RULE</field><desc><p>Help Text for this field is unavailable.  Please refer to the T24 User Guides for further information.</p></desc></t><t><field>NR.VALUE.SOURCE</field><desc><p>Help Text for this field is unavailable.  Please refer to the T24 User Guides for further information.</p></desc></t></menu>
</t24help>

