<?xml version="1.0" encoding="utf-8"?>
<t24help xmlns:xsi="http://www.w3.org/2001/XMLSchema-instance">
    <header>
        <product>AA</product>
        <table>EB.PROJECT.DETAILS</table>
    </header>
    <overview>
        <ovdesc>
            <p>"This Table is maintained by the system with all the items (records) created in a project using AA Product Builder.</p>
            <p>It is a concat table for the main Table EB.PROJECT.MANAGER</p>
            <p>It contains the project id's that are associated (linked) for an application/recordkey"</p>
            <p/>
        </ovdesc>
    </overview>
    <menu>
        <t>
            <field>DETAIL.ID</field>
            <desc>
                <p>"Describes the project details id, record in the format, ApplicationName * RecordKey * CompanyCode</p>
                <p>System maintained"</p>
                <p/>
            </desc>
        </t>
        <t>
            <field>PROJECT.ID</field>
            <desc>
                <p>Holds the project id's that are associated for the recordkey, a single record can be used in multiple projects, all the project id's are listed here</p>
                <p/>
            </desc>
        </t>
    <t><field>STATUS</field><desc><p>Help Text for this field is unavailable.  Please refer to the T24 User Guides for further information.</p></desc></t></menu>
</t24help>
