<?xml version="1.0" encoding="utf-8"?>
<t24help>
<header>
<product>AC</product>
<table>AC.ACC.OPENING</table>
</header>
<overview>
<ovdesc>

            <p>From the Single Customer View, the Account opening process can be initiated. The process starts from selecting of account type. After entering the account details an Account opening letter is generated. Request for Cheque book and Debit card can be given. If the product type is "Current Account with Overdraft", a limit is created and attached with the account at the backend.</p>
        </ovdesc>
<ovimage></ovimage>
</overview>
<menu>
<t>
<field>CATEGORY</field>
<desc>
            <p>The field "Category" holds dropdown values .Type of account can be selected from the drop down.</p>
        </desc>
</t>
<t>
<field>CURRENCY</field>
<desc>
            <p>This field displays Currency which can be inputted by the user or chosen from the dropdown enquiry.</p>
        </desc>
</t>
<t>
<field>CUSTOMER</field>
<desc>
            <p>This field displays Customer Number which can be inputted by the user or chosen from the dropdown enquiry.</p>
        </desc>
</t>
</menu>
</t24help>