<?xml version="1.0" encoding="utf-8"?>
<t24help>
<header>
<product>AC</product>
<table>AC.AUTO.ACCOUNT</table>
</header>
<overview>
<ovdesc>

            <p>The AC.AUTO.ACCOUNT table allows the definition of the parameters for the automatic creation of Sub-Accounts.</p>
            <p />
            <p>If the DEFAULT record is present then sub accounts will be automatically created for the following types of accounts without having to make changes at the account level or to set up records in AC.AUTO.ACCOUNT at category code level.</p>
            <p>   1 - Internal accounts with a suffix of 0001. The sub division code is the 4 characters after the category code, the SSSS position in the following structure CCYCATEGSSSSCCCC (CCCC indicates the sub division code of the company that owns the account in a multi book set up. </p>
            <p>  2 - Position accounts where the first 6 characters are a currency pair e.g. USDGBP for postion accounts the first 2 characters of the subdivision code indicate the dealer desk, so the maximum number of sub accounts is restricted to 99.</p>
            <p>  3 - Nostro customer accounts </p>
            <p />
            <p>The default method of incrementing the sub account key will be by adding 1 to the suffix unless the account is an intercompany account where the category code in the key will be incremented.</p>
            <p />
            <p>The maximum number of sub accounts created will be based on the highest agent value in TSA.PARAMETER. </p>
            <p />
            <p>If sub accounts are required for internal accounts with a suffix of other than 0001, for example where the suffix contains a DEPT.ACCT.OFFICER key then then the set up must be manual, by setting up the category record in this application and setting the MAX.SUB.ACCOUNT value on the individual accounts. This is because there may be limited range between master accounts in either the category code or suffix numbers</p>
            <p />
            <p>Sub accounts can be set up at category code level where there are special conditions required. In this case the sub account setup must take place at master account level by defining the MAX.SUB.ACCOUNTS.</p>
            <p />
            <p>Sub accounts can be set up for customer accounts, but this is not recomMended as balance checking is blocked because it is meaningless at sub account level. </p>
            <p />
            <p>Sub-Account processing is the automatic distribution of transactions over a group of accounts to avoid record locking.</p>
            <p />
            <p>Sub-Accounts may be created automatically by the Accounting sub-systems until the maximum number of sub-accounts that the Master account may hold or based on a dynamic value where the "DEFAULT" record is present.</p>
            <p />
            <p />
            <p />
        </ovdesc>
<ovimage></ovimage>
</overview>
<menu>
<t>
<field>USE.MAX.SUB.ACCT</field>
<desc>
            <p>Help Text for this field is unavailable.  Please refer to the T24 User Guides for further information.</p>
        </desc>
</t>
<t>
<field>INT.ACC.TYPE</field>
<desc>
            <p>Determines the type of sub account key that is created for internal accounts.</p>
            <p>There are 2 options:-</p>
            <p>SUFFIX indicates that the suffix part of the key will be incremented by 1 for each sub account created. The SUFFIX can be defined as the 4 characters in positions 9 to 12 of the account key. If an account already exists for the key to be created then this number will be skipped. If the incremented number exceeds 9999 then it will be reset to 2.</p>
            <p>CATEG indicates that the CATEGORY part of the key will be incremented by 1 for each new sub account to be created. The CATEGORY can be defined as the 5 characters taking up positions 4 to 8. Again if an account already exists for the category to be created it number will be incremented.</p>
            <p>BUFFER option will be for future use.</p>
            <p />
            <p>The reason for entering the CATEG option is that for some types of account the SUFFIX part of the key is significant, for example those accounts used in inter-company accounting, where the suffix in postions 9-12 indicates the company that is being posted to and therefore should not be changed. Sub accounts  for the category defined in ACCOUNT.CLASS "INTERCO" must be set to use the CATEG option. The sub accounts created will retain the original category code of the master account in the account record.</p>
            <p>When intercompany accounting takes place sub account processing will take place if the master intercompany account being processed is set for sub account processing and it is locked by another user.</p>
            <p />
            <p />
        </desc>
</t>
<t>
<field>EXCLUDE.SYS.ID</field>
<desc>
            <p>AC.AUTO.ACCOUNT</p>
            <p />
            <p />
            <p />
            <p />
            <p>EXCLUDE.SYS.ID</p>
            <p />
            <p />
            <p />
            <p />
            <p />
            <p />
            <p />
            <p />
            <p />
            <p />
            <p>The EXCLUDE.SYS.ID field defines the application for which SUB.ACCOUNT processing is excluded.</p>
            <p />
            <p />
            <p />
            <p />
            <p>
                <p>Validation Rules:</p>
            </p>
            <p />
            <p />
            <p />
            <p />
            <p />
            <p />
            <p />
            <p />
            <p />
        </desc>
</t>
<t>
<field>INHERITED.FIELD</field>
<desc>
            <p>AC.AUTO.ACCOUNT</p>
            <p />
            <p />
            <p />
            <p />
            <p />
            <p />
            <p />
            <p />
            <p />
            <p />
            <p>INHERITED FIELDS</p>
            <p />
            <p />
            <p />
            <p />
            <p />
            <p />
            <p />
            <p />
            <p />
            <p />
            <p />
            <p />
            <p />
            <p />
            <p />
            <p />
            <p>The INHERITED.FIELD is a multi-valued field that allows the user to define the values from the master account that are to be inherited by the sub-account.</p>
            <p />
            <p />
            <p />
            <p />
            <p />
            <p />
            <p />
            <p />
            <p />
            <p />
            <p>
                <p>Validation Rules:</p>
            </p>
            <p />
            <p />
            <p />
            <p />
            <p />
            <p />
            <p />
            <p />
            <p />
            <p />
            <p />
            <p />
            <p />
            <p />
            <p />
        </desc>
</t>
<t>
<field>NEW.NUMBER.RULE</field>
<desc>
            <p>AC.AUTO.ACCOUNT</p>
            <p />
            <p />
            <p />
            <p />
            <p />
            <p />
            <p />
            <p />
            <p />
            <p />
            <p>NEW.NUMBER</p>
            <p />
            <p />
            <p />
            <p />
            <p />
            <p />
            <p />
            <p />
            <p />
            <p />
            <p>The NEW.NUMBER.RULE field indicates how the system should allocate the new account number for the sub-account. It can either contain the value NEXT, in which case the system will allocate the next id using the check digit rule defined in the COMPANY record, or the name of a routine that will return a new account number.</p>
            <p />
            <p />
            <p />
            <p />
            <p />
            <p />
            <p />
            <p />
            <p />
            <p />
            <p>
                <p>Validation Rules:</p>
            </p>
            <p />
            <p />
            <p />
            <p />
            <p />
            <p />
            <p />
            <p />
            <p />
            <p />
            <p />
            <p>If not set to NEXT, the name of the subroutine to generate the next account number can be defined, the master account number will be set in the common variable COMI which will set the new account number on return</p>
            <p>from the routine</p>
            <p />
        </desc>
</t>
<t>
<field>FIELD.NAME</field>
<desc>
            <p>AC.AUTO.ACCOUNT</p>
            <p />
            <p />
            <p />
            <p />
            <p>FIELD.NAME</p>
            <p />
            <p />
            <p />
            <p />
            <p>The FIELD.NAME and FIELD.VALUE are associated multi-valued fields that define the fixed value that some specific fields may hold.</p>
            <p />
            <p />
            <p />
            <p />
            <p>Any sub-account created for a master account belonging to that category will all hold the same fixed value for the specific field defined in the FIELD.NAME.</p>
            <p />
            <p />
            <p />
            <p />
            <p>Any field defined here will be given priority if the field is also defined under INHERITED.FIELD.</p>
            <p />
            <p />
            <p />
            <p />
            <p>
                <p>Validation Rules:</p>
            </p>
            <p />
            <p />
            <p />
            <p />
            <p />
            <p />
            <p />
            <p />
            <p />
            <p />
            <p />
            <p />
            <p />
            <p />
        </desc>
</t>
<t>
<field>AA.INT.BAL.UPD</field>
<desc>
            <p>AC.AUTO.ACCOUNT</p>
            <p />
            <p>Indicates whether the balance fields are updated on ACCT.ACTIVITY for internal accounts. Normally these fields are only used for interest calculations which do not affect internal accounts</p>
            <p />
            <p>Validation rules</p>
            <p>YES indicates that balance fields are to be updated</p>
            <p>NO indicates that the balance fields are not updated</p>
        </desc>
</t>
<t>
<field>AA.INT.TXN.CNT</field>
<desc>
            <p>AC.AUTO.ACCOUNT</p>
            <p />
            <p>Indicates whether the transaction count fields are updated on ACCT.ACTIVITY for internal accounts. Normally these fields are only used for charge calculations which do not affect internal accounts</p>
            <p />
            <p>Validation rules</p>
            <p>YES indicates that transaction count fields are to be updated</p>
            <p>NO indicates that the transaction count fields are not updated</p>
        </desc>
</t>
<t>
<field>CATEGORY</field>
<desc>
            <p>AC.AUTO.ACCOUNT</p>
            <p />
            <p />
            <p />
            <p />
            <p>KEY</p>
            <p />
            <p />
            <p />
            <p />
            <p>This is the ID to the AC.AUTO.ACCOUNT; it defines the parameters that will be used for the automatic creation of Sub-Accounts.</p>
            <p />
            <p />
            <p />
            <p />
            <p>It can either be the "DEFAULT" record or set at the Account category level.</p>
            <p />
            <p />
            <p />
            <p />
            <p>
                <p>Validation Rules:</p>
            </p>
            <p>"DEFAULT" or valid category code</p>
            <p />
            <p />
            <p />
            <p />
            <p />
            <p />
            <p />
            <p />
            <p />
            <p />
            <p />
            <p />
            <p />
            <p />
            <p />
            <p />
            <p />
            <p />
        </desc>
</t>
<t>
<field>CREATION.RTN</field>
<desc>
            <p>AC.AUTO.ACCOUNT</p>
            <p />
            <p />
            <p />
            <p />
            <p>CREATION.RTN</p>
            <p />
            <p />
            <p />
            <p />
            <p />
            <p />
            <p />
            <p />
            <p />
            <p />
            <p>The CREATION.RTN field defines a routine to be called to perform any other operation associated with the creation of the sub account</p>
            <p />
            <p />
            <p />
            <p />
            <p>
                <p>Validation Rules:</p>
            </p>
            <p />
            <p />
            <p />
            <p />
            <p />
            <p />
            <p />
            <p />
            <p />
            <p />
            <p>must exist on PGM.FILE as type S (subroutine) program</p>
            <p />
            <p />
            <p />
            <p />
        </desc>
</t>
<t>
<field>EXCLUDE.TXN</field>
<desc>
            <p>AC.AUTO.ACCOUNT</p>
            <p />
            <p />
            <p />
            <p />
            <p>EXCLUDE.TXN</p>
            <p />
            <p />
            <p />
            <p />
            <p />
            <p />
            <p />
            <p />
            <p />
            <p />
            <p>The EXCLUDE.TXN field is a multi-valued field that describes the transaction code that will not be distributed to sub accounts.</p>
            <p />
            <p />
            <p />
            <p />
            <p>
                <p>Validation Rules:</p>
            </p>
            <p />
            <p />
            <p />
            <p />
            <p />
            <p />
            <p />
            <p />
            <p />
            <p />
            <p />
            <p />
            <p />
            <p />
        </desc>
</t>
<t>
<field>FIELD.VALUE</field>
<desc>
            <p>AC.AUTO.ACCOUNT</p>
            <p />
            <p />
            <p />
            <p />
            <p>FIELD.VALUE</p>
            <p />
            <p />
            <p />
            <p />
            <p>The FIELD.VALUE defines the specific value that the associated field under FIELD.NAME may contain.</p>
            <p />
            <p />
            <p />
            <p />
            <p>
                <p>Validation Rules:</p>
            </p>
            <p />
            <p />
            <p />
            <p />
            <p />
            <p />
            <p />
            <p />
            <p />
            <p />
            <p />
        </desc>
</t>
<t>
<field>DESCRIPTION</field>
<desc>
            <p>AC.AUTO.ACCOUNT</p>
            <p />
            <p />
            <p />
            <p />
            <p>DESCRIPTION</p>
            <p />
            <p />
            <p />
            <p />
            <p>The Description fields describe the category for which parameters for automatic creation of sub-accounts are being set.</p>
            <p />
            <p />
            <p />
            <p />
            <p>
                <p>Validation Rules:</p>
            </p>
            <p />
            <p />
            <p />
            <p />
            <p />
            <p />
            <p />
            <p />
            <p />
            <p />
            <p />
            <p />
            <p />
        </desc>
</t>
</menu>
</t24help>

