<?xml version="1.0" encoding="utf-8"?>
<t24help>
<header>
<product>AC</product>
<table>AC.BLOCK.CLOSURE</table>
</header>
<overview>
<ovdesc>

            <p>The records in this application as interogated by the account closure application and used to prevent closure of an active account.</p>
        </ovdesc>
<ovimage></ovimage>
</overview>
<menu>
<t>
<field>SYSTEM.CODE</field>
<desc>
            <p>The transaction reference element of the multi-part id. Will be a standard T24 transaction reference, i.e. prefix, julian date and 5 digit sequence number.</p>
        </desc>
</t>
<t>
<field>ACCOUNT.ID.TXN.REF</field>
<desc>
            <p>Record Id. This is a multi-part id consisting of the account number and a standard T24 transaction reference. Both elements are mandatory.</p>
        </desc>
</t>
<t>
<field>ACCOUNT.NUMBER</field>
<desc>
            <p>The account number that is to be blocked from closure.</p>
        </desc>
</t>
<t>
<field>REASON</field>
<desc>
            <p>The reason that the account is to be blocked from being closed.</p>
        </desc>
</t>
</menu>
</t24help>

