<?xml version="1.0" encoding="utf-8"?>
<t24help>
<header>
<product>AC</product>
<table>AC.BALANCE.TYPE</table>
</header>
<overview>
<ovdesc>

            <p>Balance Types represent the financial components of a product; the definition of the product specifies which balance types the product should be comprised of. </p>
            <p>   Balance types may be defined as types to be reported (as contingent or non-contingent) or as an internal type that is not used for any reporting. </p>
            <p>   These balance types have been hard-coded within T24 application. In order to make T24 accounting softer to the user, the AC.BALANCE.TYPE application offers the ability to create additional balance types and to define the relevant characteristics of the balance type.</p>
            <p>   Some of these characteristics include the ability to decompose Balance Types, to post or to suppress entries for Internal Balance Types or to post to internal balance Types.</p>
            <p />
            <p>   Note:  Existing Balance types used by the system cannot be changed via this application</p>
            <p />
        </ovdesc>
<ovimage></ovimage>
</overview>
<menu>
<t>
<field>FWD.LINKED.TYPE</field>
<desc>
            <p>Indicates this record as being the LINKED.LIVE.TYPE to forward type displayed here.</p>
            <p>   It is automatically updated on authorisation of the forward type.</p>
            <p />
            <p>
                <p>Validation Rules:</p>
            </p>
            <p>   A valid Balance Type</p>
            <p>   No input field.</p>
            <p />
        </desc>
</t>
<t>
<field>VIRTUAL.BAL</field>
<desc>
            <p>A multi-value field that specifies a list of balance types which are to be aggregated when the balance for a virtual balance is requested.</p>
            <p />
            <p>
                <p>Validation Rules:</p>
            </p>
            <p>   Multi-value field</p>
            <p>   A valid Balance Type , no duplicates allowed.</p>
            <p>   Mandatory for Reporting Type of VIRTUAL otherwise not allowed.</p>
            <p />
        </desc>
</t>
<t>
<field>SUB.TYPE.ALLOWED</field>
<desc>
            <p>Identifies that the balance stored should be decomposed according to the sub-type supplied by the application. If set to Y the balance type stored in EB.CONTRACT.BALANCES will be in the format Balance Type.Sub type.</p>
            <p />
            <p>
                <p>Validation Rules:</p>
            </p>
            <p>   Y_NO</p>
            <p />
        </desc>
</t>
<t>
<field>FIN.SYSTEM</field>
<desc>
            <p>This field for future use, should be a valid id to EB.FIN.SYSTEM</p>
            <p />
            <p> No input field.</p>
        </desc>
</t>
<t>
<field>LINKED.LIVE.TYPE</field>
<desc>
            <p>CONTINGENT balance types can be designated as a forward type.</p>
            <p>   When value dated accounting is used and a forward movement is raised the live type specified here will be changed automatically to the record balance type(as the record balance type is  a forward balance type).</p>
            <p>   On authorisation of the record, the FWD.LINKED.TYPE field for the balance type specified here will be updated with ID of the record being authorised.</p>
            <p />
            <p>
                <p>Validation Rules:</p>
            </p>
            <p>   Should be a valid Balance.Type.</p>
            <p>   Type specified must be a NON-CONTINGENT type. </p>
            <p>   Should not be allowed to define a balance type which has it’s own LINKED.LIVE.TYPE or a FWD.LINKED.TYPE.</p>
            <p />
        </desc>
</t>
<t>
<field>SUB.TYPE.ACTIVITY</field>
<desc>
            <p>If the balance is to be stored by sub-type in SUB.TYPE.ALLOWED,  this option allows the activity to be recorded by sub type too. This field can be set to ‘Y’ only if SUB.TYPE.ALLOWED is set to ‘Y’.</p>
            <p />
            <p>
                <p>Validation Rules:</p>
            </p>
            <p>   Y_NO</p>
            <p />
        </desc>
</t>
<t>
<field>SELF.BALANCING</field>
<desc>
            <p>Self balancing is an option allowed for contingent type that will cause the accounting system to automatically raise self balancing entries.</p>
            <p />
            <p />
        </desc>
</t>
<t>
<field>SUSPEND.BALANCE</field>
<desc>
            <p>Indicates if the balance type can be suspensed (e.g. contract moves to NAB). </p>
            <p />
            <p>
                <p>Validation Rules:</p>
            </p>
            <p />
            <p>   Y_NO</p>
            <p>   Only allowed for Contingent and Non-Contingent types. </p>
            <p>   If Suspend Balance is set to Y a balance type with an “SP” suffix must exist.</p>
            <p />
        </desc>
</t>
<t>
<field>ACTIVITY.UPDATE</field>
<desc>
            <p>Specifies whether a dated balance file (ACCT.ACTIVITY) should be updated when this balance type is updated. For some types of balance (e.g. accruals) there is no need to maintain a dated history.</p>
            <p />
            <p>
                <p>Validation Rules:</p>
            </p>
            <p>   Y_NO</p>
            <p>   Not allowed for Virtual.</p>
            <p />
        </desc>
</t>
<t>
<field>BALANCE.TYPE.ID</field>
<desc>
            <p>Balance Type ID</p>
            <p />
            <p>
                <p>Validation Rules:</p>
            </p>
            <p />
            <p> 20 alpha numeric.</p>
        </desc>
</t>
<t>
<field>DESCRIPTION</field>
<desc>
            <p>Description of the Balance Type</p>
            <p />
            <p>
                <p>Validation Rules:</p>
            </p>
            <p />
            <p> 35 Alpha Numeric.</p>
        </desc>
</t>
<t>
<field>ENTRY.TYPE</field>
<desc>
            <p>The type of entry (STMT or SPECIAL) to be generated.</p>
        </desc>
</t>
<t>
<field>SIGNED.TYPE</field>
<desc>
            <p>Help Text for this field is unavailable.  Please refer to the T24 User Guides for further information.</p>
        </desc>
</t>
<t>
<field>REPORTING.TYPE</field>
<desc>
            <p>Defines how this balance should be used with respect to reporting. </p>
            <p>
                <p>Validation Rules:</p>
            </p>
            <p />
            <p>   CONTINGENT – reported as a contingent</p>
            <p>   NON-CONTINGENT – on balance sheet type</p>
            <p>   INTERNAL – not to be used in reporting</p>
            <p />
        </desc>
</t>
<t>
<field>MOVEMENT.SUPPRESS</field>
<desc>
            <p>For internal movements the entry records can be suppressed.  If Reporting.Type is defined as ‘INTERNAL’ and if this field is set to ‘Y’ then no accounting entries will be raised for the Balance.Type record.</p>
            <p />
            <p>
                <p>Validation Rules:</p>
            </p>
            <p>   Y_NO</p>
            <p />
        </desc>
</t>
<t>
<field>MIS.UPDATE</field>
<desc>
            <p>To specify whether BALANCE.MOVEMENT record should update or not.</p>
            <p />
            <p>
                <p>Validation Rules:</p>
            </p>
            <p />
            <p> Valid options Y or NO</p>
        </desc>
</t>
<t>
<field>EXCLUDE.CR.CHECK</field>
<desc>
             <p>To specify whether entries with this balance type should be excluded from the credit check processing.</p>
             <p/>
             <p>Validation Rules:</p>
             <p>Option field, Allowed Values are YES or NO or Blank</p>
             <p>The blank value will be considered as NO, by default the movement will do a credit check and update limit.</p>
             <p>The credit check will be excluded only when the value is set as YES.</p>
             <p>This will be a No change field.</p>
             <p/>
</desc>
</t>
<t>
<field>LOCAL.REF</field>
<desc>
            <p>This is a multi valued field. Standard T24 alphanumeric field. </p>
            <p>
                <p>Validation Rules:</p>
            </p>
            <p>A maximum of 35 characters may be entered.</p>
        </desc>
</t>
</menu>
</t24help>
