<?xml version="1.0" encoding="utf-8"?>
<t24help>
    <header>
        <product>AC</product>
        <table>AC.CONSOLIDATE.COND</table>
    </header>
    <menu>
        <t>
            <field>DESCRIPTION</field>
            <desc>
                <p>Please provide the description for the current record</p>
            </desc>
        </t>
        <t>
            <field>ENTRY.TYPE</field>
            <desc>
                <p>Indicate the type of entries to be consolidated</p>
            </desc>
        </t>
        <t>
            <field>EXCLUDE.SYS.ID</field>
            <desc>
                <p>Indicate the applicable T24 application that should not be consolidated</p>
            </desc>
        </t>
        <t>
            <field>EXCLUDE.TXN</field>
            <desc>
                <p>Indicate the transaction code that should not be consolidated</p>
            </desc>
        </t>
        <t>
            <field>EXCL.PROD.CAT</field>
            <desc>
                <p>Indicate the category code that should not be consolidated</p>
            </desc>
        </t>
        <t>
            <field>ADD.CONSOL.FLD</field>
            <desc>
                <p>Provide the details of consolidation variable defined in consolidation conditions that should be considered for consolidation of entries.</p>
            </desc>
        </t>
        <t>
            <field>NO.DETAIL.APP</field>
            <desc>
                <p>Indicate the application whose entry detail will not be maintained in the consolidation of entries.</p>
            </desc>
        </t>
        <t>
            <field>NO.ENTRIES.START</field>
            <desc>
                <p>Indicate the number of entries that should be raised for the day before entries are consolidated for an account.</p>
            </desc>
        </t>
        <t>
            <field>FILTER.SYSID</field>
            <desc>
                <p>Indicate the application to suppress entries on balance file (i.e. EB.CONTRACT.BALANCE).</p>
            </desc>
        </t>
        <t>
            <field>FILTER.TXN</field>
            <desc>
                <p>Indicate the application to suppress entries on balance file (i.e. EB.CONTRACT.BALANCE).</p>
            </desc>
        </t>
    </menu>
</t24help>
