<?xml version="1.0" encoding="utf-8"?>
<t24help>
<header>
<product>AC</product>
<table>AC.ENRICHMENT</table>
</header>
<overview>
<ovdesc>

        </ovdesc>
<ovimage></ovimage>
</overview>
<menu>
<t>
<field>DESCRIPTION</field>
<desc>
            <p>Help Text for this field is unavailable.  Please refer to the T24 User Guides for further information.</p>
        </desc>
</t>
<t>
<field>ENRICHMENT</field>
<desc>
            <p>This field holds the enrichment or the abbreviation of the record id.</p>
        </desc>
</t>
<t>
<field>ID.ENRI</field>
<desc>
            <p>ID field of this application</p>
        </desc>
</t>
</menu>
</t24help>

