<?xml version="1.0" encoding="utf-8"?>
<t24help>
<header>
<product>AC</product>
<table>AC.FUNDS.AUTHORISATION</table>
</header>
<overview>
<ovdesc>
            <p>This application is used to record requests for funds which require manual authorisation, which supports payment engine.</p>
        </ovdesc>
<ovimage></ovimage>
</overview>
<menu>
<t>
<field>MANUAL.RESV.ID</field>
<desc>
            <p>The ID of record. Standard ID format including Julian date and alphanumeric unique id with prefix of ACFA. E.g. ACFA13123ABCDEFG.</p>                     
        </desc>
</t>
<t>
<field>DEBIT.ACCOUNT</field>
<desc>
            <p>Contains the account number to be debited.</p>   
            <p>
                <p>Validation Rules:</p>
            </p>
            <p> No change field</p>
            <p> Mandatory field</p>
            <p> It has to be a valid record in ACCOUNT table</p>                  
        </desc>
</t>
<t>
<field>ACCOUNT.CCY</field>
<desc>
            <p>Currency code of the account defaulted for specified debit account.</p>   
            <p>
                <p>Validation Rules:</p>
            </p>
            <p> No Input field</p>
            <p> Mandatory field</p>
            <p> It has to be a valid record in CURRENCY table</p>                  
        </desc>
</t>
<t>
<field>REQUESTED.CCY</field>
<desc>
            <p>The currency the amount is requested in.</p>   
            <p>
                <p>Validation Rules:</p>
            </p>
            <p> No change field</p>
            <p> Mandatory field</p>
            <p> It has to be a valid record in CURRENCY table</p>                  
        </desc>
</t>
<t>
<field>REQUESTED.AMT</field>
<desc>
            <p>Amount requested in REQUESTED.CCY.</p>   
            <p>
                <p>Validation Rules:</p>
            </p>
            <p> No change field</p>
            <p> Mandatory field</p>                               
        </desc>
</t>
<t>
<field>REQUEST.DATE</field>
<desc>
            <p>The date on which the request was created.</p>  
            <p>
                <p>Validation Rules:</p>
            </p>
            <p> No Change Field</p>                   
        </desc>
</t>
<t>
<field>DDA.INIT.REQ.DATE</field>
<desc>
            <p>System date in T24 DDA system when request was created.</p>  
            <p>
                <p>Validation Rules:</p>
            </p>
            <p> No Input Field</p>                    
        </desc>
</t>
<t>
<field>DDA.INIT.REQ.TIME</field>
<desc>
            <p>Time in the T24 DDA system that the request was created.</p>   
            <p>
                <p>Validation Rules:</p>
            </p>
            <p> No Input Field</p>                   
        </desc>
</t>
<t>
<field>ORIG.SYS.DATE</field>
<desc>
            <p>The date of the external system from which the request originated. Mandatory field in case the request is payment engine generated.</p>                     
        </desc>
</t>
<t>
<field>ORIG.SYS.TIME</field>
<desc>
            <p>The time that the request was created by the originating system. Mandatory field in case the request is payment engine generated.</p>                     
        </desc>
</t>
<t>
<field>ORIG.TRANS.REF</field>
<desc>
            <p>Transaction reference from the external system (i.e. the payment reference). Mandatory field in case the request is payment engine generated.</p> 
            <p>If ORIG.TRANS.REF is present then reversal.</p>                    
        </desc>
</t>
<t>
<field>ORIG.TRANS.COMPANY</field>
<desc>
            <p>Transaction processing company mnemonic. Mandatory field in case the request is payment engine generated.</p>                     
        </desc>
</t>
<t>
<field>LAST.RETRY.DATE</field>
<desc>
            <p>The date in the DDA system that the request was last retried automatically.</p> 
            <p>
                <p>Validation Rules:</p>
            </p>
            <p>No Input Field</p>                     
        </desc>
</t>
<t>
<field>LAST.RETRY.TIME</field>
<desc>
            <p>The last time in the DDA system that the request was retried automatically.</p>    
            <p>
                <p>Validation Rules:</p>
            </p>
            <p> No Input Field</p>                  
        </desc>
</t>
<t>
<field>RETRY.NUMBER</field>
<desc>
            <p>The count of the number of times the request has been retried.</p>   
            <p>
                <p>Validation Rules:</p>
            </p>
            <p> No Input Field</p>                   
        </desc>
</t>
<t>
<field>FUNDS.DECISION</field>
<desc>
            <p>Contains the approval decision entered by the CAO.</p>
            <p>This field will be null initially and when picked by an user will be defaulted as ‘APPROVED’ or ‘REJECTED’ depending on funds available for debit amount in the account when displayed through enquiry.</p> 
            
            <p>
                <p>Validation Rules:</p>
            </p>
            <p>Mandatory field with options APPROVED or REJECTED or PRE-APPROVED</p>
            <p>If originating transaction reference is present then 'PRE-APPROVED' decision not accepted</p>
            <p>If originating transaction reference is not present then 'APPROVED' decision not accepted</p>                    
        </desc>
</t>
<t>
<field>DECISION.REASON</field>
<desc>
            <p>Contains the narrative describing the reason for rejection by CAO officer.</p> 
            <p>
                <p>Validation Rules:</p>
            </p>
            <p> Mandatory Field</p>                    
        </desc>
</t>
<t>
<field>FUNDS.AUTH.STATUS</field>
<desc>
            <p>Contains the status of the request based on which level of authorisation, the request has gone through in its lifecycle.</p> 
            <p>Value will be Defaulted as</p>
            <p>‘CREATED’ when the request is initiated</p>
            <p>‘UNAUTHORISED’ when the request is opened like when amendments are to be made</p>
            <p>‘AUTHORISED’ when request is  authorized</p>
            <p>‘BOOKED’ when the posting for reservation amount is completed</p>
            <p>‘CANCELLED’ when the request is cancelled either manually or because of request initiated from external system.</p>
            <p>
                <p>Validation Rules:</p>
            </p>
            <p> No Input Field</p>                                 
        </desc>
</t>
<t>
<field>RESERVATION.ID</field>
<desc>
            <p>It holds the ID of AC.LOCKED.EVENTS record.</p> 
            <p>
                <p>Validation Rules:</p>
            </p>
            <p> No Input Field</p>                     
        </desc>
</t>
<t>
<field>RESERVATION.KEY</field>
<desc>
            <p>It holds the ACFA reference ID.</p>  
            <p>
                <p>Validation Rules:</p>
            </p>
            <p> No Input Field</p>                    
        </desc>
</t>
<t>
<field>REQUEST.SOURCE</field>
<desc>
            <p>The source product making the funds request.</p> 
            <p>
                    <p>Validation Rules:</p>
            </p>
            <p> No Input Field</p>                    
        </desc>
</t>
<t>
<field>REQUEST.CODE</field>
<desc>
            <p>Identifies the type of request.</p>
            <p>Linked to EB.LOOKUP this is the code passed to AC.FUNDS.AUTHORISATION by the calling system.</p>
            <p>
                    <p>Validation Rules:</p>
            </p>
            <p>Must have a valid code set up in EB.LOOKUP.</p>
            <p> No Input Field</p>
        </desc>
</t>

<t>
<field>REQUEST.DESC</field>
<desc>
            <p>Description passed by the calling system describing the reason the request needs to be handled manually.</p>
            <p>
                <p>Validation Rules:</p>
            </p>
            <p> No Input Field</p>            
        </desc>
</t>
<t><field>APPROVAL.CODE</field><desc><p>Help Text for this field is unavailable.  Please refer to the T24 User Guides for further information.</p></desc></t></menu>
</t24help>
