<?xml version="1.0" encoding="utf-8"?>
<t24help>
<header>
<product>AC</product>
<table>AC.ONE.STOP.ACCT.OPEN</table>
</header>
<overview>
<ovdesc>

            <p>This table is used to accept the product/services subscribed by a Customer in a single screen and trigger workflows (using PW) to complete the opening of Accounts and other services subscribed for.</p>
            <p />
            <p>It is possible to specify opening of different kinds of accounts (Savings, Current) in local/foreign currency, fixed deposits and related services such as Internet Banking, Debit Card and Cheque Book issuance from this table.</p>
        </ovdesc>
<ovimage></ovimage>
</overview>
<menu>
<t>
<field>FD.DEBIT.ACCOUNT</field>
<desc>
            <p>The account to be debited for this Deposit.  Must be a valid record in ACCOUNT table                                   </p>
        </desc>
</t>
<t>
<field>CL.IBUSER</field>
<desc>
            <p>Reserved for future use</p>
            <p />
        </desc>
</t>
<t>
<field>SF.IBUSER</field>
<desc>
            <p>Reserved for future use</p>
            <p />
        </desc>
</t>
<t>
<field>SL.DEPOSIT.AMOUNT</field>
<desc>
            <p>The amount to be deposited to the Local Currency Savings account through the mode selected in "SL Deposit Type".  This field becomes mandatory if "SL Deposit Type" is input.</p>
            <p />
            <p>
                <p>Validation Rules:</p> -   1-19 Numeric characters including comma (standard amount format)</p>
        </desc>
</t>
<t>
<field>SF.DEPOSIT.TYPE</field>
<desc>
            <p>The mode of deposit through which funds will be credited to the Foreign Currency Savings Account. It can have values Cash and Clearing.</p>
        </desc>
</t>
<t>
<field>CF.DEPOSIT.TYPE</field>
<desc>
            <p>The mode of deposit through which funds will be credited to the Foreign Currency Current Account. It can have values Cash,Clearing and Transfer.</p>
        </desc>
</t>
<t>
<field>CF.CURRENT.ACC</field>
<desc>
            <p>Decides if Foreign Currency Current Account is required for this Customer.</p>
            <p />
            <p>Accepts value "YES".                                                                                                                                   Optional Input. </p>
        </desc>
</t>
<t>
<field>SF.JOINT.NOTES</field>
<desc>
            <p>This is a free text field to record any information pertaining to the Joint Holder (including documentary details, if any) </p>
            <p />
            <p>
                <p>Validation Rules:</p>
            </p>
            <p />
            <p>This field cannot be entered if the "SF Joint Holder" field has not been entered. If the field "SF Joint Holder" contains values, then this field is available for optional input.</p>
            <p />
        </desc>
</t>
<t>
<field>FIXED.DEPOSIT</field>
<desc>
            <p>Specifies if fixed deposit (All in One Product) has to be opened for this customer. </p>
            <p />
            <p />
            <p>Allowed value is "YES". Optional Input</p>
        </desc>
</t>
<t>
<field>CUSTOMER</field>
<desc>
            <p>Identifies the Customer for whom the account opening process is initiated.                                                    <p>Validation Rules:</p> - Mandatory Input                                                                                                                                          Must be a valid record in the CUSTOMER table</p>
        </desc>
</t>
<t>
<field>CF.IBUSER</field>
<desc>
            <p>Reserved for future use</p>
            <p />
        </desc>
</t>
<t>
<field>CF.JOINT.NOTES</field>
<desc>
            <p>This is a free text field to record any information pertaining to the Joint Holder (including documentary details, if any) </p>
            <p />
            <p>
                <p>Validation Rules:</p>
            </p>
            <p />
            <p>This field cannot be entered if the "CL Joint Holder" field has not been entered. If the field "CF Joint Holder" contains values, then this field is available for optional input.</p>
            <p />
        </desc>
</t>
<t>
<field>CF.DEPOSIT.AMOUNT</field>
<desc>
            <p>The amount to be deposited to the Foreign Currency Current account through the mode selected in "CF Deposit Type".  This field becomes mandatory if "CF Deposit Type" is input.</p>
            <p />
            <p>
                <p>Validation Rules:</p> -   1-19 Numeric characters including comma (standard amount format)</p>
        </desc>
</t>
<t>
<field>SF.RELATION</field>
<desc>
            <p>This field signifies the relationship the Joint Holder (Customer) has with Foreign Currency Savings Account customer.</p>
            <p />
            <p>
                <p>Validation Rules:</p>
            </p>
            <p />
            <p>If entered the field must contain a valid relation code established on the RELATION file.</p>
            <p>This field cannot be entered if the "SF Joint Holder" field has not been entered.</p>
        </desc>
</t>
<t>
<field>CL.CHEQUE.BOOK</field>
<desc>
            <p>This field needs to be flagged to YES if Cheque book is required for the Current account opened.</p>
            <p>Accepts value "YES"                             </p>
            <p>Optional Input. Default is NULL.</p>
        </desc>
</t>
<t>
<field>CL.CARD.NUMBER</field>
<desc>
            <p>Card number issued against the Current Account in local currency.     </p>
            <p />
            <p>
                <p>Validation Rules:</p> - Mandatory input when "CL Card Type" is entered                                                                     </p>
            <p>16 Numeric Characters -- Unique</p>
        </desc>
</t>
<t>
<field>CL.DEPOSIT.TYPE</field>
<desc>
            <p>The mode of deposit through which funds will be credited to the Local Currency Current Account. It can have values Cash, Clearing and Transfer.</p>
        </desc>
</t>
<t>
<field>CL.CARD.TYPE</field>
<desc>
            <p>Specifies the card type to be issued for the Current Account in local currency.                          </p>
            <p />
            <p>
                <p>Validation Rules:</p> - Must be a valid record in CARD.TYPE table</p>
        </desc>
</t>
<t>
<field>CF.JOINT.HOLDER</field>
<desc>
            <p>This field is used to input the CUSTOMER being made a joint holder of the foreign currency Current Account.</p>
            <p />
            <p>
                <p>Validation Rules:</p>
            </p>
            <p />
            <p>If entered, this field must contain a valid customer number. Optional field.</p>
        </desc>
</t>
<t>
<field>CL.CURR</field>
<desc>
            <p>Identifies the currency of the Current Account.  </p>
            <p />
            <p>
                <p>Validation Rules:</p>
            </p>
            <p />
            <p>It must be an existing code on the CURRENCY Table.</p>
        </desc>
</t>
<t>
<field>SL.CURR</field>
<desc>
            <p>Identifies the Currency of the Account.</p>
            <p />
            <p>
                <p>Validation Rules:</p> -  It must be an existing code on the CURRENCY Table.</p>
        </desc>
</t>
<t>
<field>SL.RELATION</field>
<desc>
            <p>This field signifies the relationship the Joint Holder (Customer) has with Savings Account customer.</p>
            <p />
            <p>
                <p>Validation Rules:</p>
            </p>
            <p />
            <p>If entered the field must contain a valid relation code established on the RELATION file.</p>
            <p>This field cannot be entered if the "SL Joint Holder" field has not been entered.</p>
        </desc>
</t>
<t>
<field>FD.PRODUCT</field>
<desc>
            <p>Decides the type of Deposit to be opened for this customer.</p>
            <p />
            <p>10 Numeric characters. Should be a valid Fixed Deposit product from AZ.PRODUCT.PARAMETER (APP). This is controlled at the Version level with a dropdown on APP.</p>
        </desc>
</t>
<t>
<field>SF.JOINT.HOLDER</field>
<desc>
            <p>This field is used to input the CUSTOMER being made a joint holder of the foreign currency Savings Account.</p>
            <p />
            <p>
                <p>Validation Rules:</p>
            </p>
            <p />
            <p>If entered, this field must contain a valid customer number. Optional field.</p>
        </desc>
</t>
<t>
<field>SF.CARD.TYPE</field>
<desc>
            <p>Specifies the card type to be issued for the Savings Account in Foreign Currency.                          </p>
            <p />
            <p>
                <p>Validation Rules:</p> - Must be a valid record in CARD.TYPE table</p>
        </desc>
</t>
<t>
<field>CL.OD.AMOUNT</field>
<desc>
            <p>Specifies the Overdraft amount sanctioned for the Current Account (in local currency). Can be input only  when "CL Overdraft" is set to "YES".</p>
            <p />
            <p>Optional input. Default is NULL.</p>
        </desc>
</t>
<t>
<field>SF.PASSBOOK</field>
<desc>
            <p>Determines if passbook needs to be issued for the Savings Account in Foreign Currency.  </p>
            <p />
            <p>Accepts value "YES" </p>
            <p />
            <p />
            <p>Optional Input.</p>
            <p>Default is NULL.</p>
            <p />
        </desc>
</t>
<t>
<field>CL.JOINT.HOLDER</field>
<desc>
            <p>This field is used to input the CUSTOMER being made a joint holder of the local currency Current Account.</p>
            <p />
            <p>
                <p>Validation Rules:</p>
            </p>
            <p />
            <p>If entered, this field must contain a valid customer number. Optional field.</p>
        </desc>
</t>
<t>
<field>CL.CURRENT.ACC</field>
<desc>
            <p>Decides if  Current Account in local currency needs to be opened for this Customer.                                               </p>
            <p />
            <p>Accepts value "YES"                                                                                                                                     Optional Input.</p>
        </desc>
</t>
<t>
<field>FD.INT.CAPT</field>
<desc>
            <p>Specifies whether interest is to be capitalised for this Deposit.  Accepts value "YES"</p>
        </desc>
</t>
<t>
<field>SL.DEPOSIT.TYPE</field>
<desc>
            <p>The mode of deposit through which funds will be credited to the Local Currency Savings Account. It can have values Cash, Clearing and Transfer.</p>
        </desc>
</t>
<t>
<field>FD.AMOUNT</field>
<desc>
            <p>The fixed deposit amount is specified in this field.</p>
            <p />
            <p>
                <p>Validation Rules:</p> - 1-10  Numeric characters including comma. Standard amount format</p>
        </desc>
</t>
<t>
<field>SF.CHEQUE.BOOK</field>
<desc>
            <p>This field needs to be flagged to YES if Cheque book is required for the Foreign Currency Savings Account  opened.</p>
            <p />
            <p>Accepts value "YES"                             </p>
            <p />
            <p>Optional Input. Default is NULL.</p>
        </desc>
</t>
<t>
<field>SF.SAVINGS.ACC</field>
<desc>
            <p>Decides if  Savings Account in foreign currency needs to be opened for this Customer.                                               </p>
            <p />
            <p>Accepts value "YES"                                                    </p>
            <p />
            <p>Optional Input</p>
        </desc>
</t>
<t>
<field>SL.IBUSER</field>
<desc>
            <p>Reserved for future use</p>
            <p />
        </desc>
</t>
<t>
<field>FD.MB.USER</field>
<desc>
            <p>Reserved for future use</p>
            <p />
        </desc>
</t>
<t>
<field>FD.MATURITY.DATE</field>
<desc>
            <p>Defines the maturity date of the Deposit.</p>
            <p />
            <p>
                <p>Validation Rules:</p>
            </p>
            <p />
            <p>Standard Date format. Can accept values of period like number of days, months (example: 12D, 60M) also, for calculating Maturity Date.</p>
            <p />
        </desc>
</t>
<t>
<field>FD.START.DATE</field>
<desc>
            <p>Defines the date from which the deposit account is effective.                                                                             </p>
            <p />
            <p>
                <p>Validation Rules:</p>
            </p>
            <p>Standard date format. Default is current Business Date</p>
            <p />
        </desc>
</t>
<t>
<field>CL.DEPOSIT.AMOUNT</field>
<desc>
            <p>The amount to be deposited to the Local Currency Current account through the mode selected in "CL Deposit Type".  This field becomes mandatory if "CL Deposit Type" is input.</p>
            <p />
            <p>
                <p>Validation Rules:</p> -   1-19 Numeric characters including comma (standard amount format)</p>
        </desc>
</t>
<t>
<field>FIXDEP.INT.CASHDEP</field>
<desc>
            <p>Specifies  whether any Cash Deposit(Local/Foreign) has to be made into newly opened Fixed Deposit. This is used for triggering the next activity in the BPEL process for Customer Onboarding.</p>
            <p />
            <p>Valid values :  LOCAL.CURRENCY, FOREIGN.CURRENCY, NO.DEPOSIT (Default Value : None)</p>
            <p />
        </desc>
</t>
<t>
<field>SL.CHEQUE.BOOK</field>
<desc>
            <p>This field needs to be flagged to YES if Cheque book is required for the Savings Account (Local Currency) opened. </p>
            <p />
            <p>Accepts value "YES"                             </p>
            <p />
            <p>Optional Input. Default is NULL</p>
        </desc>
</t>
<t>
<field>CF.MBUSER</field>
<desc>
            <p>Reserved for future use</p>
            <p />
        </desc>
</t>
<t>
<field>CF.RELATION</field>
<desc>
            <p>This field signifies the relationship the Joint Holder (Customer) has with Current Account customer.</p>
            <p />
            <p>
                <p>Validation Rules:</p>
            </p>
            <p />
            <p>If entered the field must contain a valid relation code established on the RELATION file.</p>
            <p>This field cannot be entered if the "CF Joint Holder" field has not been entered.</p>
        </desc>
</t>
<t>
<field>SL.SAVINGS.ACC</field>
<desc>
            <p>Decides if  Savings Account in local currency needs to be opened for  this Customer.</p>
            <p />
            <p>Accepts value "YES".</p>
            <p />
            <p>Optional Input</p>
            <p />
        </desc>
</t>
<t>
<field>CUSTOMER.IBUSER</field>
<desc>
            <p>Specifies whether Internet Banking facility is required for this customer. If set to YES then an Internet Banking arrangement will be created in the One stop account opening process.                                                         Accepts value "YES"                                               Optional Input</p>
        </desc>
</t>
<t>
<field>FD.IB.USER</field>
<desc>
            <p>Reserved for future use</p>
        </desc>
</t>
<t>
<field>CL.MBUSER</field>
<desc>
            <p>Reserved for future use</p>
            <p />
        </desc>
</t>
<t>
<field>CL.RELATION</field>
<desc>
            <p>This field signifies the relationship the Joint Holder (Customer) has with Current Account customer.</p>
            <p />
            <p>
                <p>Validation Rules:</p>
            </p>
            <p />
            <p>If entered the field must contain a valid relation code established on the RELATION file.</p>
            <p>This field cannot be entered if the "CL Joint Holder" field has not been entered.</p>
        </desc>
</t>
<t>
<field>CL.OVERDRAFT</field>
<desc>
            <p>This field specifies if any overdraft limit needs to be set for the Current Account opened.</p>
            <p>Accepts value "YES"                                                                                                  </p>
            <p>Optional Input. Default is NULL.</p>
        </desc>
</t>
<t>
<field>REQ.FOR.INFO</field>
<desc>
            <p>Identifies whether the Customer is seeking information on a Product.  If this field is flagged to YES, then the "CR Contact Log" will be opened for the User to record the details and later contact the Customer.  This is used for trigerring the next activity in the BPEL process for Customer Onboarding.</p>
            <p />
            <p>Valid Values – Yes or No (Default : None)</p>
        </desc>
</t>
<t>
<field>SF.CARD.NUMBER</field>
<desc>
            <p>Card number issued against the Savings Account in Foreign Currency.     </p>
            <p />
            <p>
                <p>Validation Rules:</p> - Mandatory input when "SF Card Type" is entered                                                                     </p>
            <p>16 Numeric Characters -- Unique</p>
        </desc>
</t>
<t>
<field>SA.INT.CASHDEP</field>
<desc>
            <p>Specifies  whether any Cash Deposit(Local/Foreign) has to be made into newly opened Savings Account.  This is used for trigerring the next activity in the BPEL process for Customer Onboarding.</p>
            <p />
            <p>Valid values :  LOCAL.CURRENCY, FOREIGN.CURRENCY, NO.DEPOSIT (Default Value : None)</p>
        </desc>
</t>
<t>
<field>SL.CARD.NUMBER</field>
<desc>
            <p>Card number issued against the Savings Account in local currency.</p>
            <p />
            <p>
                <p>Validation Rules:</p> - Mandatory input when "SL Card Type" is entered</p>
            <p>16 Numeric Characters -- Unique</p>
        </desc>
</t>
<t>
<field>SL.PASSBOOK</field>
<desc>
            <p>Determines if passbook needs to be issued for the Savings Account in local currency.</p>
            <p />
            <p>Accepts value "YES" .</p>
            <p />
            <p />
        </desc>
</t>
<t>
<field>CF.CURR</field>
<desc>
            <p>Identifies the currency of the foreign currency Current Account.  </p>
            <p />
            <p>
                <p>Validation Rules:</p>
            </p>
            <p />
            <p>It must be an existing code on the CURRENCY Table.</p>
        </desc>
</t>
<t>
<field>SF.CURR</field>
<desc>
            <p>Identifies the currency of the Foreign Currency Savings Account.  </p>
            <p />
            <p>
                <p>Validation Rules:</p>
            </p>
            <p />
            <p>It must be an existing code on the CURRENCY Table.</p>
        </desc>
</t>
<t>
<field>FD.ROLLOVER.TERM</field>
<desc>
            <p>This field specifies the PERIOD for which the Rollover amount will be REINVESTED in the deposit account.</p>
        </desc>
</t>
<t>
<field>SL.MBUSER</field>
<desc>
            <p>Reserved for future use</p>
            <p />
        </desc>
</t>
<t>
<field>SL.JOINT.NOTES</field>
<desc>
            <p>This is a free text field to record any information pertaining to the Joint Holder (including documentary details, if any) </p>
            <p />
            <p>
                <p>Validation Rules:</p>
            </p>
            <p />
            <p>This field cannot be entered if the "SL Joint Holder" field has not been entered. If the field "SL Joint Holder" contains values, then this field is available for optional input.</p>
            <p />
        </desc>
</t>
<t>
<field>FD.CURRENCY</field>
<desc>
            <p>Identifies the currency of the Fixed Deposit.                                                                                                                             </p>
            <p>
                <p>Validation Rules:</p> -  It must be an existing code on the CURRENCY Table.</p>
        </desc>
</t>
<t>
<field>CL.JOINT.NOTES</field>
<desc>
            <p>This is a free text field to record any information pertaining to the Joint Holder (including documentary details, if any) </p>
            <p />
            <p>
                <p>Validation Rules:</p>
            </p>
            <p />
            <p>This field cannot be entered if the "CL Joint Holder" field has not been entered. If the field "CL Joint Holder" contains values, then this field is available for optional input.</p>
            <p />
        </desc>
</t>
<t>
<field>FD.INT.SCHEDULE</field>
<desc>
            <p>Defines the interest capitalisation frequency for the deposit opened.</p>
        </desc>
</t>
<t>
<field>CF.OD.AMOUNT</field>
<desc>
            <p>Specifies the Overdraft amount sanctioned for the Current Account (in foreign currency). Can be input only  when "CF Overdraft" is set to "YES".</p>
            <p />
            <p>Optional input. Default is NULL.</p>
        </desc>
</t>
<t>
<field>CF.OVERDRAFT</field>
<desc>
            <p>This field specifies if any overdraft limit needs to be set for the foreign currency Current Account opened.</p>
            <p>Accepts value "YES"                                                                                                                                                                </p>
            <p>Optional Input. Default is NULL.</p>
        </desc>
</t>
<t>
<field>SL.CARD.TYPE</field>
<desc>
            <p>Specifies the card type to be issued for the Savings Account in Local Currency. </p>
            <p />
            <p>
                <p>Validation Rules:</p> - Must be a valid record in CARD.TYPE table</p>
        </desc>
</t>
<t>
<field>FD.ROLLOVER</field>
<desc>
            <p>Specifies whether the deposit can be rolled over.  Accepts values "YES"</p>
        </desc>
</t>
<t>
<field>SF.DEPOSIT.AMOUNT</field>
<desc>
            <p>The amount to be deposited to the Foreign Currency Savings account through the mode selected in "SF Deposit Type".  This field becomes mandatory if "SF Deposit Type" is input .</p>
            <p />
            <p>
                <p>Validation Rules:</p> -   1-19 Numeric characters including comma (standard amount format)</p>
        </desc>
</t>
<t>
<field>OVERRIDE</field>
<desc>
            <p>This is a multi valued field. Standard T24 alphanumeric field.</p>
            <p />
            <p>
                <p>Validation Rules:</p>
            </p>
            <p>This is a NOINPUT field.</p>
            <p />
            <p />
        </desc>
</t>
<t>
<field>SF.MBUSER</field>
<desc>
            <p>Reserved for future use</p>
            <p />
        </desc>
</t>
<t>
<field>FD.CREDIT.ACCOUNT</field>
<desc>
            <p>The account to be credited for this Deposit. Must be a valid record in ACCOUNT table</p>
            <p />
        </desc>
</t>
<t>
<field>SL.JOINT.HOLDER</field>
<desc>
            <p>This field is used to input the CUSTOMER being made a joint holder of the local currency Savings Account.</p>
            <p />
            <p>
                <p>Validation Rules:</p>
            </p>
            <p />
            <p>If entered, this field must contain a valid customer number. Optional field.</p>
        </desc>
</t>
<t>
<field>CA.INT.CASHDEP</field>
<desc>
            <p>Specifies whether any Cash Deposit(Local/Foreign) has to be made into newly opened Current Account.  This is used for triggering the next activity in the BPEL process for Customer Onboarding.</p>
            <p />
            <p>Valid values :  LOCAL.CURRENCY, FOREIGN.CURRENCY, NO.DEPOSIT (Default Value : None)</p>
        </desc>
</t>
<t>
<field>CF.CARD.NUMBER</field>
<desc>
            <p>Card number issued against the Current Account in foreign currency.     </p>
            <p />
            <p>
                <p>Validation Rules:</p> - Mandatory input when "CF Card Type" is entered                                                                     </p>
            <p>16 Numeric Characters -- Unique</p>
        </desc>
</t>
<t>
<field>CF.CARD.TYPE</field>
<desc>
            <p>Specifies the card type to be issued for the Current Account in foreign currency.                          </p>
            <p />
            <p>
                <p>Validation Rules:</p> - Must be a valid record in CARD.TYPE table</p>
        </desc>
</t>
<t>
<field>CF.CHEQUE.BOOK</field>
<desc>
            <p>This field needs to be flagged to YES if Cheque book is required for the foreign currency Current account opened.</p>
            <p />
            <p>Accepts value "YES"                             </p>
            <p>Optional Input. Default is NULL.</p>
        </desc>
</t>
</menu>
</t24help>