<?xml version="1.0" encoding="utf-8"?>
<t24help>
<header>
<product>AC</product>
<table>AC.POSTING.DETAIL</table>
</header>
<overview>
<ovdesc>

            <p>Defines mapping rules for generation of entry detailed content.</p>
            <p> The definition in these records controls how the contents of the accounting entries generated from soft accounting to STMT.ENTRY, CATEG.ENTRY and RE.CONSOL.SPEC.ENTRY are built.</p>
        </ovdesc>
<ovimage></ovimage>
</overview>
<menu>
<t>
<field>VALUE.SOURCE</field>
<desc>
            <p>The source of the data to be mapped into the associated ENTRY.FIELD. This can be one of the following:</p>
            <p>  CONTRACT – data is from the contract</p>
            <p>  TRANSACTION – data is from the transaction</p>
            <p>  EVENT – data is from the event</p>
            <p>  ROUTINE – data is derived by a routine (for later use)</p>
            <p />
        </desc>
</t>
<t>
<field>MOVEMENT.TYPE</field>
<desc>
            <p>Defines the entry being generated</p>
            <p>  Allowed values can be </p>
            <p>  CATEG</p>
            <p>  SPECIAL</p>
            <p>  STMT</p>
        </desc>
</t>
<t>
<field>DESCRIPTION</field>
<desc>
            <p>Description of record.</p>
        </desc>
</t>
<t>
<field>DETAIL.ID</field>
<desc>
            <p>Description of record.</p>
        </desc>
</t>
<t>
<field>ENTRY.FIELD</field>
<desc>
            <p>Name of the entry field to be mapped. Field name must be valid name in the STMT.ENTRY standard selection record and be one of the identified fields that can be mapped.</p>
        </desc>
</t>
<t>
<field>ENTRY.VALUE</field>
<desc>
            <p>Identifies the item in the value source that contains the source data to be mapped. Values should match the allowed list. </p>
        </desc>
</t>
</menu>
</t24help>

