<?xml version="1.0" encoding="utf-8"?>
<t24help>
    <header>
        <product>AC</product>
        <table>ACCOUNT</table>
    </header>
    <menu>
        <t>
            <field>CURRENCY</field>
            <desc>
                <p>Please specify the Currency for the charges.</p>
            </desc>
        </t>
        <t>
            <field>CATEGORY</field>
            <desc>
                <p>Indicate the Category code for the Account</p>
            </desc>
        </t>
        <t>
            <field>ACCOUNT.TITLE.1</field>
            <desc>
                <p>Specify the account title for the account</p>
            </desc>
        </t>
        <t>
            <field>ACCOUNT.TITLE.2</field>
            <desc>
                <p>Specify the account title for the account</p>
            </desc>
        </t>
        <t>
            <field>SHORT.TITLE</field>
            <desc>
                <p>Please provide a short description for the current record</p>
            </desc>
        </t>
        <t>
            <field>MNEMONIC</field>
            <desc>
                <p>Please specify the mnemonic</p>
            </desc>
        </t>
        <t>
            <field>POSITION.TYPE</field>
            <desc>
                <p>Indicate the position type for the current record</p>
            </desc>
        </t>
        <t>
            <field>ACCOUNT.OFFICER</field>
            <desc>
                <p>Mention the ACCOUNT.OFFICER from the DEPT.ACCT.OFFICER table</p>
            </desc>
        </t>
    </menu>
</t24help>
